Rank,Institution Name,Country,Year,Classification_SIZE,Classification_FOCUS,Research Intensity,Age,Status,Academic Reputation,Employer Reputation,Faculty Student,Citations per Faculty,International Faculty,International Students,Overall
1,MASSACHUSETTS INSTITUTE OF TECHNOLOGY (MIT),United States,2019,M,CO,VH,5,B,100,100,100,99.8,100,95.5,100
2,STANFORD UNIVERSITY,United States,2019,L,FC,VH,5,B,100,100,100,99,99.8,70.5,98.6
3,HARVARD UNIVERSITY,United States,2019,L,FC,VH,5,B,100,100,99.3,99.8,92.1,75.7,98.5
4,CALIFORNIA INSTITUTE OF TECHNOLOGY (CALTECH),United States,2019,S,CO,VH,5,B,98.7,81.2,100,100,96.8,90.3,97.2
5,UNIVERSITY OF OXFORD,United Kingdom,2019,L,FC,VH,5,A,100,100,100,83,99.6,98.8,96.8
6,UNIVERSITY OF CAMBRIDGE,United Kingdom,2019,L,FC,VH,5,A,100,100,100,77.2,99.4,97.9,95.6
7,ETH ZURICH (SWISS FEDERAL INSTITUTE OF TECHNOLOGY),Switzerland,2019,L,CO,VH,5,A,98.2,96.2,82.4,98.7,100,98.6,95.3
8,IMPERIAL COLLEGE LONDON,United Kingdom,2019,L,FC,VH,5,A,98.7,99.9,99.9,67.8,100,100,93.3
9,UNIVERSITY OF CHICAGO,United States,2019,L,FC,VH,5,B,99.6,90.7,97.4,83.6,74.2,82.5,93.2
10,UCL (UNIVERSITY COLLEGE LONDON),United Kingdom,2019,XL,FC,VH,5,A,99.3,99.2,99.2,66.2,98.7,100,92.9
11,NATIONAL UNIVERSITY OF SINGAPORE (NUS),Singapore,2019,XL,FC,VH,5,A,99.8,99.1,91.8,72.8,100,80.7,92
12,NANYANG TECHNOLOGICAL UNIVERSITY (NTU),Singapore,2019,L,FC,VH,3,A,90.3,92.6,95,87.5,100,83.5,91.3
13,PRINCETON UNIVERSITY,United States,2019,M,CO,VH,5,B,99.9,96.7,70.3,100,70.1,69.2,90.9
14,CORNELL UNIVERSITY,United States,2019,L,FC,VH,5,B,98.7,90.5,70.4,95.9,93.3,77,90.5
15,YALE UNIVERSITY,United States,2019,L,FC,VH,5,B,99.9,99.7,100,60.2,86.3,61.2,89.6
16,COLUMBIA UNIVERSITY,United States,2019,L,FC,VH,5,B,99.7,97.4,100,59.2,40.4,96.2,88.5
17,TSINGHUA UNIVERSITY,China,2019,XL,FC,VH,5,A,97,99.4,91.5,77.4,60.6,29.2,87.2
18,UNIVERSITY OF EDINBURGH,United Kingdom,2019,L,FC,VH,5,A,97.3,94,85.5,57.2,97.4,98.8,86.9
19,UNIVERSITY OF PENNSYLVANIA,United States,2019,L,FC,VH,5,B,95.4,92.6,100,59.7,72.1,65.2,86.5
20,UNIVERSITY OF MICHIGAN,United States,2019,XL,FC,VH,5,A,98.9,90.2,94.3,60.5,82.3,49.8,86.4
21,JOHNS HOPKINS UNIVERSITY,United States,2019,L,FC,VH,5,B,89.7,56.9,100,80.2,79.9,81.6,85.9
22,?COLE POLYTECHNIQUE F?D?RALE DE LAUSANNE (EPFL),Switzerland,2019,M,FO,VH,5,A,72.8,78.2,94.5,98.9,100,100,85.8
23,THE UNIVERSITY OF TOKYO,Japan,2019,L,FC,VH,5,A,100,99.5,94.2,72.2,12.3,25.5,85.3
24,AUSTRALIAN NATIONAL UNIVERSITY (ANU),Australia,2019,L,FC,VH,4,A,97.1,82.6,47.9,87.8,100,99.5,84.4
25,UNIVERSITY OF HONG KONG (HKU),Hong Kong,2019,L,FC,VH,5,A,96.7,83.7,88.1,47.1,100,99.4,84.3
26,DUKE UNIVERSITY,United States,2019,L,FC,VH,5,B,88.2,74.7,99.3,88.2,14.3,55,83.9
27,"UNIVERSITY OF CALIFORNIA, BERKELEY (UCB)",United States,2019,XL,FC,VH,5,A,100,99.8,28.9,99.9,99.5,46.1,83.2
28,UNIVERSITY OF TORONTO,Canada,2019,XL,FC,VH,5,A,98.7,94,74.8,47.6,96.4,92.9,83
29,THE UNIVERSITY OF MANCHESTER,United Kingdom,2019,XL,FC,VH,5,A,94.6,98.5,76,51.2,93.2,98.8,82.9
30,PEKING UNIVERSITY,China,2019,XL,FC,VH,5,A,99,99.8,64,69.4,68.2,53.8,82.6
31,KING'S COLLEGE LONDON (KCL),United Kingdom,2019,L,FC,VH,5,A,87.7,83.2,85.1,59.9,98.6,99.7,82.5
32,"UNIVERSITY OF CALIFORNIA, LOS ANGELES (UCLA)",United States,2019,XL,FC,VH,4,A,100,99.1,41.8,92.4,56.1,42,81.9
33,MCGILL UNIVERSITY,Canada,2019,L,FC,VH,5,A,91.4,93.1,73,58.3,90.4,96.2,81.7
34,NORTHWESTERN UNIVERSITY,United States,2019,L,FC,VH,5,B,85,73.1,99.8,68.4,72,54.8,81.5
35,KYOTO UNIVERSITY,Japan,2019,L,FC,VH,5,A,98.6,93.2,95.7,56.6,17.4,18.2,81.2
36,SEOUL NATIONAL UNIVERSITY (SNU),South Korea,2019,L,FC,VH,4,A,96.2,92.7,87.7,66.5,22.1,14,80.6
37,THE HONG KONG UNIVERSITY OF SCIENCE AND TECHNOLOGY (HKUST),Hong Kong,2019,M,CO,VH,3,A,83.6,73,61.8,89,100,87.9,80.5
38,LONDON SCHOOL OF ECONOMICS AND POLITICAL SCIENCE (LSE),United Kingdom,2019,M,SP,VH,5,A,84.2,99.9,47,84.6,100,100,80.2
39,THE UNIVERSITY OF MELBOURNE,Australia,2019,XL,FC,VH,5,A,99,98.8,26.5,76.4,97.6,99.9,80.1
40,KAIST - KOREA ADVANCED INSTITUTE OF SCIENCE AND TECHNOLOGY,South Korea,2019,M,CO,VH,3,A,83.2,78.3,79.5,98.5,26.4,9.8,78.7
41,"UNIVERSITY OF CALIFORNIA, SAN DIEGO (UCSD)",United States,2019,XL,FC,VH,4,A,91.7,56.1,62.1,84.5,64.9,70.7,78.6
42,THE UNIVERSITY OF SYDNEY,Australia,2019,XL,FC,VH,5,A,97.2,97,24.9,72.7,100,99.8,78.3
43,NEW YORK UNIVERSITY (NYU),United States,2019,XL,FC,VH,5,B,95.6,91.3,97.3,23.7,28.4,90.9,77.7
44,FUDAN UNIVERSITY,China,2019,XL,FC,VH,5,A,81.8,95.9,84.7,58.6,89.3,39.2,77.6
45,THE UNIVERSITY OF NEW SOUTH WALES (UNSW),Australia,2019,XL,FC,VH,4,A,90.4,96.7,23.8,81.6,100,97.4,77
46,CARNEGIE MELLON UNIVERSITY,United States,2019,L,FC,VH,5,B,78.5,79,45.7,95.4,78.3,100,76.6
47,UNIVERSITY OF BRITISH COLUMBIA,Canada,2019,XL,FC,VH,5,A,96.7,88.1,37.6,60.7,92.2,77.7,75.8
48,THE UNIVERSITY OF QUEENSLAND (UQ),Australia,2019,XL,FC,VH,5,A,87.3,79.9,29.9,83.4,100,97.6,75.7
49,THE CHINESE UNIVERSITY OF HONG KONG (CUHK),Hong Kong,2019,L,FC,VH,4,A,86.1,62.7,75.9,49.5,100,91.2,75.6
50,PSL UNIVERSITY,France,2019,L,CO,VH,1,A,80.3,99.3,99.9,26.6,67.7,84.2,75.1
51,UNIVERSITY OF BRISTOL,United Kingdom,2019,L,FC,VH,5,A,75.6,89.4,75.9,63.8,84.4,66.4,74.9
52,DELFT UNIVERSITY OF TECHNOLOGY,Netherlands,2019,L,CO,VH,5,A,69.3,83.9,48.5,90.2,98.6,86.7,73.3
53,UNIVERSITY OF WISCONSIN-MADISON,United States,2019,XL,FC,VH,5,A,88.5,51.2,87.4,52.6,58.8,30.6,73.2
54,THE UNIVERSITY OF WARWICK,United Kingdom,2019,L,FC,VH,4,A,73.8,96.1,62.4,56.1,98.4,99.3,72.9
55,CITY UNIVERSITY OF HONG KONG,Hong Kong,2019,M,CO,VH,3,A,55.6,39.2,90.9,88.7,100,97.3,72.1
56,BROWN UNIVERSITY,United States,2019,M,FC,VH,5,B,62.5,52.7,81.2,89.8,88.1,58.3,72
57,UNIVERSITY OF AMSTERDAM,Netherlands,2019,L,FC,VH,5,A,79.2,51.8,58.5,81.6,80.1,40.3,71.1
58,TOKYO INSTITUTE OF TECHNOLOGY,Japan,2019,M,CO,VH,5,A,74.6,80,90.4,59.8,31,27.1,71
  59=,MONASH UNIVERSITY,Australia,2019,XL,FC,VH,4,A,86.7,93.1,15.3,65.9,100,99,70.4
  59=,SHANGHAI JIAO TONG UNIVERSITY,China,2019,XL,FC,VH,5,A,77.8,96.1,39.4,85,77.4,15.6,70.4
61,TECHNISCHE UNIVERSIT?T M?NCHEN,Germany,2019,XL,CO,VH,5,A,78.1,98.3,88.8,23.9,59.5,63.9,70
62,LUDWIG-MAXIMILIANS-UNIVERSIT?T M?NCHEN,Germany,2019,XL,FC,VH,5,A,90,84.4,51.8,47.1,60.2,38.8,69.4
63,UNIVERSITY OF TEXAS AT AUSTIN,United States,2019,XL,FC,VH,5,A,93.8,78.1,14.7,94.1,7.3,20.4,68.7
64,RUPRECHT-KARLS-UNIVERSIT?T HEIDELBERG,Germany,2019,L,FC,VH,5,A,78.4,55.4,91.4,36.8,53.6,52.4,68
65,ECOLE POLYTECHNIQUE,France,2019,S,CO,VH,5,A,46.8,99.7,99.9,47.3,95.4,95.8,67.9
66,UNIVERSITY OF WASHINGTON,United States,2019,XL,FC,VH,5,A,85,46.5,21,99.5,58.6,38.4,67.8
67,OSAKA UNIVERSITY,Japan,2019,L,FC,VH,4,A,79.4,70.5,81.3,52.2,23.9,15.5,67.7
68,ZHEJIANG UNIVERSITY,China,2019,XL,FC,VH,5,A,65.6,85,60.9,69.2,86.9,45.1,67.5
  69=,GEORGIA INSTITUTE OF TECHNOLOGY (GEORGIA TECH),United States,2019,L,CO,VH,5,A,73.5,74.6,23.5,100,42.4,70.9,67.4
  69=,UNIVERSITY OF GLASGOW,United Kingdom,2019,L,FC,VH,5,A,70.4,59.6,60.7,57.2,94.3,96.7,67.4
71,UNIVERSITY OF ILLINOIS AT URBANA-CHAMPAIGN,United States,2019,XL,FC,VH,5,A,89.1,53.6,15.9,90.7,20.7,70,67
72,NATIONAL TAIWAN UNIVERSITY (NTU),Taiwan,2019,XL,FC,VH,4,A,88.6,70.7,40.2,68.7,16.6,19.8,66.3
73,UNIVERSIDAD DE BUENOS AIRES,Argentina,2019,XL,FC,VH,5,A,86.1,91.6,79.1,2.5,53.4,68.5,66.2
74,DURHAM UNIVERSITY,United Kingdom,2019,L,FC,VH,5,A,57.1,94.1,38,82.5,95.5,87.5,65.7
  75=,SORBONNE UNIVERSITY,France,2019,XL,FC,VH,1,A,88.4,46.6,59.4,39.7,41.4,54.6,64.8
  75=,THE UNIVERSITY OF SHEFFIELD,United Kingdom,2019,L,FC,VH,5,A,61,64.1,64.5,58.8,88.9,94.2,64.8
77,TOHOKU UNIVERSITY,Japan,2019,L,FC,VH,5,A,68.7,61.8,98.4,45.7,14.5,18.2,64.3
78,UNIVERSITY OF ZURICH,Switzerland,2019,L,FC,VH,5,A,55.6,70.8,99,31.8,100,59.2,63.6
  79=,UNIVERSITY OF BIRMINGHAM,United Kingdom,2019,L,FC,VH,5,A,63.6,84.9,53.6,48.5,91.5,88.2,63.5
  79=,UNIVERSITY OF COPENHAGEN,Denmark,2019,XL,FC,VH,5,A,67.2,47,99.9,28.8,91.6,28,63.5
81,KATHOLIEKE UNIVERSITEIT LEUVEN,Belgium,2019,XL,FC,VH,5,A,76.5,60.8,13.4,87.1,89.6,39.8,63.4
82,THE UNIVERSITY OF NOTTINGHAM,United Kingdom,2019,L,FC,VH,5,A,61.3,79.5,60.4,47.5,93.5,83.8,63.1
  83=,POHANG UNIVERSITY OF SCIENCE AND TECHNOLOGY (POSTECH),South Korea,2019,S,FO,VH,3,B,38.7,49.2,99.8,99.6,46.6,5.4,63
  83=,"UNIVERSITY OF NORTH CAROLINA, CHAPEL HILL",United States,2019,L,FC,VH,5,A,68.1,43.1,95.5,49.6,31.7,12.7,63
85,THE UNIVERSITY OF AUCKLAND,New Zealand,2019,L,FC,VH,5,A,82.7,59.4,21.3,52.3,87,91.3,62.8
86,KOREA UNIVERSITY,South Korea,2019,L,FC,VH,5,B,66.7,84.7,86.8,34.8,16.9,44.2,62.7
  87=,RICE UNIVERSITY,United States,2019,M,FC,VH,5,B,38.7,18.5,85.6,96,89.6,85.3,62.6
  87=,UNIVERSITI MALAYA (UM),Malaysia,2019,L,FC,VH,5,A,63.9,57.7,93.5,32.6,55.9,61.2,62.6
89,OHIO STATE UNIVERSITY,United States,2019,XL,FC,VH,5,A,64.8,55.6,81.7,41.3,81.8,41.2,62.4
90,LOMONOSOV MOSCOW STATE UNIVERSITY,Russia,2019,XL,FO,VH,5,A,71.3,78.2,99.7,6.7,16.6,73.1,62.3
91,THE UNIVERSITY OF WESTERN AUSTRALIA (UWA),Australia,2019,L,FC,VH,5,A,60,58.6,24,88.4,100,94.7,62.2
92,LUND UNIVERSITY,Sweden,2019,L,FC,VH,5,A,67.2,52.6,57.4,51.2,89.6,71.8,62.1
  93=,BOSTON UNIVERSITY,United States,2019,L,FC,VH,5,B,62.4,66,70.8,51.9,28.6,87,62
  93=,UNIVERSITY OF LEEDS,United Kingdom,2019,XL,FC,VH,5,A,67.1,83.8,49.9,41.7,84.6,81.6,62
95,PENNSYLVANIA STATE UNIVERSITY,United States,2019,XL,FC,VH,5,A,77.7,70.4,26.8,77.8,14.1,40.3,61.9
96,UNIVERSITY OF SOUTHAMPTON,United Kingdom,2019,L,FC,VH,5,A,53.1,53.4,65.5,62.4,95.3,89.4,61.6
97,UNIVERSITY OF ST ANDREWS,United Kingdom,2019,M,FC,VH,5,A,43.2,47.7,69,77,99,99.9,61.4
98,UNIVERSITY OF SCIENCE AND TECHNOLOGY OF CHINA,China,2019,L,CO,VH,4,A,53.7,35.9,74.2,98.4,15.9,5.9,60.8
99,EINDHOVEN UNIVERSITY OF TECHNOLOGY,Netherlands,2019,M,FO,VH,4,A,29.7,51.2,82.1,94.9,97.7,47.5,59.8
  100=,PURDUE UNIVERSITY,United States,2019,XL,FC,VH,5,A,65.7,60.7,35.2,58.3,97.5,69.2,59.5
  100=,SUNGKYUNKWAN UNIVERSITY,South Korea,2019,L,FC,VH,5,B,55,81.8,88.3,43.5,21.1,34,59.5
  100=,"UNIVERSITY OF CALIFORNIA, DAVIS (UCD)",United States,2019,XL,FC,VH,5,A,71.4,40.4,33.8,73.5,56.7,49.5,59.5
  100=,WASHINGTON UNIVERSITY IN ST. LOUIS,United States,2019,L,FC,VH,5,B,43.4,18.7,99.8,67.2,74.1,60.1,59.5
  104=,"KTH, ROYAL INSTITUTE OF TECHNOLOGY",Sweden,2019,L,CO,VH,5,A,45.5,69.5,60.5,75.2,95.1,42.6,59.3
  104=,TRINITY COLLEGE DUBLIN (TCD),Ireland,2019,L,FC,VH,5,A,58.8,55.6,39.9,63.1,98.7,91.2,59.3
106,THE HONG KONG POLYTECHNIC UNIVERSITY,Hong Kong,2019,L,CO,VH,2,A,58,39.3,65.2,49.2,99.6,78.6,59.1
107,YONSEI UNIVERSITY,South Korea,2019,L,FC,VH,5,B,59.8,81.6,86.1,33.4,17.2,38,58.9
108,UNIVERSITY OF GENEVA,Switzerland,2019,L,FC,VH,5,A,48,27.8,56.9,75,100,98.6,58.4
109,UNIVERSITY OF ALBERTA,Canada,2019,XL,FC,VH,5,A,56.9,45.7,60.7,48.5,93.4,81.3,58.1
110,UNIVERSITY OF HELSINKI,Finland,2019,L,CO,VH,5,A,61.7,46.9,74.8,51,56.7,8.2,57.9
111,NAGOYA UNIVERSITY,Japan,2019,L,FC,VH,5,A,60.9,45.7,95.8,35.4,17.8,21,57.3
112,TECHNICAL UNIVERSITY OF DENMARK,Denmark,2019,M,FO,VH,5,A,27.8,30.4,99.9,69.6,99.3,79.4,57.1
113,UNIVERSIDAD NACIONAL AUT?NOMA DE M?XICO (UNAM),Mexico,2019,XL,FC,VH,5,A,89.3,87.1,50.8,4,20.4,3.9,56.8
114,THE UNIVERSITY OF ADELAIDE,Australia,2019,L,FC,VH,5,A,56.8,46.7,31.1,65.2,97,99,56.6
115,UNIVERSITY OF SOUTHERN CALIFORNIA,United States,2019,XL,FC,VH,5,B,57,51.4,40.4,66.9,45.5,87.1,56.2
116,"KIT, KARLSRUHER INSTITUT F?R TECHNOLOGIE",Germany,2019,L,CO,VH,4,A,46,92.4,38.3,71,61.6,63.3,55.9
117,UPPSALA UNIVERSITY,Sweden,2019,L,FC,VH,5,A,63.3,37.1,47.3,58.9,62.2,45.3,55.8
118,UNIVERSIDADE DE S?O PAULO (USP),Brazil,2019,XL,FC,VH,4,A,87.2,80.4,28.2,30.7,9.6,4.3,55.5
119,QUEEN MARY UNIVERSITY OF LONDON (QMUL),United Kingdom,2019,L,FC,VH,5,A,50,42.4,48.2,57.5,97.2,99.5,55.4
120,UNIVERSITY OF GRONINGEN,Netherlands,2019,L,FC,VH,5,A,47.7,30.3,62.7,53.6,93.6,99.4,55.2
121,HUMBOLDT-UNIVERSIT?T ZU BERLIN,Germany,2019,XL,FC,HI,5,A,86.9,57.8,13.6,33.9,60.7,36.9,55.1
  122=,LEIDEN UNIVERSITY,Netherlands,2019,L,FC,VH,5,A,65.1,29.1,33.6,65.4,78.5,43.3,55
  122=,NANJING UNIVERSITY,China,2019,XL,FC,VH,5,A,58.5,41.2,26.2,87.8,75.3,16.3,55
124,UTRECHT UNIVERSITY,Netherlands,2019,XL,FC,VH,5,A,59.8,37.7,46.4,69.3,46.1,25.1,54.5
125,WAGENINGEN UNIVERSITY,Netherlands,2019,L,FO,VH,5,A,37.3,18.1,95.8,60.6,38.4,86.6,54.4
  126=,KYUSHU UNIVERSITY,Japan,2019,L,FC,VH,5,A,54.8,56.6,89.8,32.4,17.7,21.5,54.1
  126=,"UNIVERSITY OF MARYLAND, COLLEGE PARK",United States,2019,XL,FC,VH,5,A,54.8,29.1,52.5,78,30.6,29,54.1
  128=,CHALMERS UNIVERSITY OF TECHNOLOGY,Sweden,2019,M,CO,VH,5,B,28.8,67.3,69.4,69,94,56.1,53.6
  128=,HOKKAIDO UNIVERSITY,Japan,2019,L,FC,VH,5,A,55.5,54.6,87.2,33.3,19.5,14.6,53.6
130,FREIE UNIVERSIT?T BERLIN,Germany,2019,XL,FC,HI,4,A,78.4,49.1,6.8,49.6,64,50.5,53.4
131,LANCASTER UNIVERSITY,United Kingdom,2019,L,FC,HI,4,A,38.8,32.8,51.6,70.4,95.4,98.1,53
  132=,PONTIFICIA UNIVERSIDAD CAT?LICA DE CHILE,Chile,2019,L,FC,HI,5,B,83,93.4,32.6,12.1,20,5.1,52.9
  132=,"UNIVERSITY OF CALIFORNIA, SANTA BARBARA (UCSB)",United States,2019,L,CO,VH,5,A,64.6,16.7,13,95.5,50.6,20.8,52.9
134,UNIVERSITY OF YORK,United Kingdom,2019,L,FC,VH,4,A,42.9,44.2,57.9,55.6,92,68.2,52.4
135,UNIVERSITY OF OSLO,Norway,2019,L,FC,VH,5,A,49.2,26.1,69.9,47.8,82.6,36.5,51.9
136,UNIVERSITY OF PITTSBURGH,United States,2019,L,FC,VH,5,A,44.5,20.5,98.7,47.5,29.5,22.6,51.8
137,CENTRALESUP?LEC,France,2019,S,FO,VH,1,A,17.4,100,87.7,43.1,74.3,90.6,51.5
138,UNIVERSITY OF GHENT,Belgium,2019,XL,FC,VH,5,A,48.9,33,83.2,37.3,62.8,20.3,51.3
139,UNIVERSITY OF BERN,Switzerland,2019,M,CO,VH,5,A,28.8,34.6,54.7,88.1,100,48.3,51.1
140,AALTO UNIVERSITY,Finland,2019,M,FO,VH,1,A,36.4,48.2,56.6,68.6,85.4,39.4,50.8
  141=,AARHUS UNIVERSITY,Denmark,2019,L,FC,VH,4,A,49.6,48.6,51.5,50.7,85,23.7,50.7
  141=,MICHIGAN STATE UNIVERSITY,United States,2019,XL,FC,VH,5,A,61.4,54.8,19.3,56.3,65,42.7,50.7
  141=,NEWCASTLE UNIVERSITY,United Kingdom,2019,L,FC,VH,4,A,38.8,62.2,62.2,39.1,93,79.1,50.7
144,RHEINISCH-WESTF?LISCHE TECHNISCHE HOCHSCHULE AACHEN,Germany,2019,XL,FC,VH,5,A,56.4,97.7,21.8,42.1,39.2,64.9,50.4
145,CARDIFF UNIVERSITY,United Kingdom,2019,L,FC,VH,5,A,47.5,44.7,56.3,39.3,72,79.8,50.3
146,MCMASTER UNIVERSITY,Canada,2019,L,FC,VH,5,A,39.5,44.1,81,32.9,97.8,42,50.1
147,TECHNISCHE UNIVERSIT?T BERLIN,Germany,2019,L,CO,VH,5,A,52.3,80.2,45.6,34.8,35.2,60.3,49.9
148,EMORY UNIVERSITY,United States,2019,L,FC,VH,5,B,27.2,12.3,99.6,62,52.7,47.4,49.6
  149=,UNIVERSIT? DE MONTR?AL,Canada,2019,XL,FC,VH,5,A,52.9,54.6,41.6,31.1,95.8,68,49.5
  149=,UNIVERSITY OF LAUSANNE,Switzerland,2019,L,CO,VH,5,A,33.4,20.9,82.3,44.2,99.5,72.7,49.5
  151=,HANYANG UNIVERSITY,South Korea,2019,L,FC,VH,4,B,43.5,67.8,78.6,30.6,27.6,37.3,49.4
  151=,UNIVERSITY OF LIVERPOOL,United Kingdom,2019,L,FC,VH,5,A,40,37.6,72.3,31.3,81.1,94.6,49.4
153,?COLE NORMALE SUP?RIEURE DE LYON,France,2019,S,CO,VH,5,A,37.5,11.7,99.3,40.8,71,26.3,49.2
  154=,HEBREW UNIVERSITY OF JERUSALEM,Israel,2019,L,FC,VH,5,A,40.1,31.9,81.8,46.8,67.1,13.8,49.1
  154=,UNIVERSITY OF EXETER,United Kingdom,2019,L,FC,VH,4,A,36.5,65.1,36.4,58.8,92.9,83.3,49.1
  156=,POLITECNICO DI MILANO,Italy,2019,XL,FO,VH,5,A,57.1,85.9,7.5,55.8,45.8,44.3,48.7
  156=,UNIVERSITY OF MINNESOTA,United States,2019,XL,FC,VH,5,A,66.9,25.6,27.3,61.8,8.1,21.5,48.7
158,UNIVERSITY OF BATH,United Kingdom,2019,L,CO,VH,4,A,35.5,71.6,28.3,59.9,97.4,91.2,48.6
159,UNIVERSIDAD AUT?NOMA DE MADRID,Spain,2019,L,FC,VH,4,A,63.2,69,47.8,23.7,11.6,25.7,48.5
  160=,UNIVERSITY OF BASEL,Switzerland,2019,L,FC,VH,5,A,29.9,23.4,31.6,92,100,84.7,48.4
  160=,UNIVERSITY OF TECHNOLOGY SYDNEY (UTS),Australia,2019,L,CO,VH,3,A,41.3,83.5,11.7,57,98.8,94.4,48.4
162,INDIAN INSTITUTE OF TECHNOLOGY BOMBAY (IITB),India,2019,M,CO,VH,4,A,52.5,72.9,43.3,54.1,4.4,1.8,48.2
  163=,NATIONAL TSING HUA UNIVERSITY,Taiwan,2019,L,CO,VH,4,A,44.5,47,25.9,88.2,32.5,17.9,48
  163=,UNIVERSITY OF WATERLOO,Canada,2019,XL,CO,VH,4,A,38,70.7,9.2,77.9,79.6,83.9,48
165,UNIVERSIT? CATHOLIQUE DE LOUVAIN (UCL),Belgium,2019,L,FC,VH,5,B,48.6,45.6,15.6,67.6,90.8,52.3,47.9
166,UNIVERSITAT DE BARCELONA (UB),Spain,2019,XL,FC,VH,5,A,69.9,48.9,34,30.1,6.4,32.7,47.8
167,SCUOLA SUPERIORE SANT'ANNA PISA,Italy,2019,S,FC,VH,3,A,14.9,9,94.4,97.1,2.1,46.1,47.7
168,EBERHARD KARLS UNIVERSIT?T T?BINGEN,Germany,2019,L,FC,VH,5,A,45.1,28.4,90.5,18,61.5,35.9,47.6
169,"UNIVERSITY OF CALIFORNIA, IRVINE (UCI)",United States,2019,XL,FC,VH,4,A,46.1,21.6,13.7,86,52.4,84.6,47.5
170,INDIAN INSTITUTE OF SCIENCE (IISC) BANGALORE,India,2019,S,SP,VH,5,A,35,16.3,55.8,100,1.6,2,47.1
171,UNIVERSITY OF BERGEN,Norway,2019,M,FC,VH,4,A,30.8,11,81,59.8,88.1,14.5,46.8
  172=,INDIAN INSTITUTE OF TECHNOLOGY DELHI (IITD),India,2019,M,CO,VH,4,A,46.8,65.5,21,84,3.1,1.6,46.6
  172=,UNIVERSITY OF ABERDEEN,United Kingdom,2019,L,FC,VH,5,A,28.6,33.1,48.3,62,97.7,96.5,46.6
  172=,UNIVERSITY OF TWENTE,Netherlands,2019,M,FO,VH,4,A,21.5,24.9,44.5,90.2,92.4,77.1,46.6
  175=,SCUOLA NORMALE SUPERIORE DI PISA,Italy,2019,S,FO,VH,4,A,19,7.2,99.6,81.6,11.9,23.3,46.4
  175=,UNIVERSIT?T WIEN,Austria,2019,XL,FC,VH,5,A,60.8,35.7,26.6,17.4,98.4,93.4,46.4
  175=,UNIVERSITY OF OTAGO,New Zealand,2019,L,FC,VH,5,A,48.6,40.1,21.7,50.9,100,65.6,46.4
178,TECNOL?GICO DE MONTERREY (ITESM),Mexico,2019,L,FC,HI,4,B,33.2,82.3,88.4,3.9,99.6,22.2,46.2
179,ERASMUS UNIVERSITY ROTTERDAM,Netherlands,2019,L,FO,VH,5,A,34.1,45.4,43.1,59.3,74.1,71.6,46.1
  180=,QUEEN'S UNIVERSITY OF BELFAST,United Kingdom,2019,L,FC,VH,5,A,27.3,37.6,44.3,62.3,99.5,96.9,45.9
  180=,UNIVERSIT? DI BOLOGNA (UNIBO),Italy,2019,XL,FC,VH,5,A,72.1,49.6,7.3,46.2,10.5,14.6,45.9
  180=,UNIVERSITY OF FLORIDA,United States,2019,XL,FC,VH,5,A,48.2,35.7,71.5,33.1,21.6,17.8,45.9
183,DARTMOUTH COLLEGE,United States,2019,M,FC,VH,5,B,21.9,34.5,79.5,77,5,37.4,45.8
  184=,UNIVERSITI KEBANGSAAN MALAYSIA (UKM),Malaysia,2019,L,FC,VH,3,A,47.4,33.6,80.9,13.7,44.1,38.4,45.5
  184=,UNIVERSITY OF ROCHESTER,United States,2019,M,FC,VH,5,B,24.4,9.3,100,36,60.7,89.3,45.5
  186=,CASE WESTERN RESERVE UNIVERSITY,United States,2019,M,FC,VH,5,B,20.6,11.3,97.4,53.5,43.2,72.2,45.4
  186=,UNIVERSIT?T FREIBURG,Germany,2019,L,FC,VH,5,A,50.1,27,33.9,52.5,59.3,45.9,45.4
188,VRIJE UNIVERSITEIT BRUSSEL (VUB),Belgium,2019,M,FC,VH,5,A,24.2,29.4,95.6,29.2,84.1,65.4,45.2
189,KING FAHD UNIVERSITY OF PETROLEUM & MINERALS (KFUPM),Saudi Arabia,2019,M,CO,VH,4,A,24.4,29.7,93.9,33.6,100,35.9,45.1
190,UNIVERSITY OF COLORADO AT BOULDER,United States,2019,XL,CO,VH,5,A,37.5,30,69.4,51.5,38.4,15.7,45
191,TECHNISCHE UNIVERSIT?T DRESDEN,Germany,2019,XL,FC,VH,5,A,33.4,72.5,82.4,20.7,35.5,36.4,44.9
192,UNIVERSITY OF VIRGINIA,United States,2019,L,FC,VH,5,A,38.6,40.1,65.2,49.5,29.5,17,44.8
  193=,UNIVERSITAT AUT?NOMA DE BARCELONA,Spain,2019,XL,FC,VH,4,A,63,35.9,21,44.1,26.4,28.3,44.7
  193=,UNIVERSITY COLLEGE DUBLIN (UCD),Ireland,2019,L,FC,VH,5,A,42.4,49,27.1,46.2,96.2,65.1,44.7
  195=,UNIVERSITY OF READING,United Kingdom,2019,L,CO,VH,5,A,33.6,41.6,38.3,49.1,93.5,91.2,44.4
  195=,VANDERBILT UNIVERSITY,United States,2019,L,FC,VH,5,B,29.1,20,100,37.6,25.7,36,44.4
197,GEORG-AUGUST-UNIVERSIT?T G?TTINGEN,Germany,2019,XL,FC,VH,5,A,50.1,19.7,68.5,23.8,47,27.5,44.3
198,KEIO UNIVERSITY,Japan,2019,XL,FC,VH,5,B,51.1,77,63.5,9.7,13.4,11.1,44.1
199,TECHNISCHE UNIVERSIT?T WIEN,Austria,2019,L,FO,VH,5,A,30.3,61.9,6.7,79.6,74.1,91.4,44
  200=,STOCKHOLM UNIVERSITY,Sweden,2019,L,CO,VH,5,A,51.8,20.3,29.5,51.6,78.7,17.5,43.9
  200=,UNIVERSITY OF CAPE TOWN,South Africa,2019,L,FC,VH,5,A,45.6,47.7,31,43.8,72.1,44.8,43.9
202,UNIVERSITI PUTRA MALAYSIA (UPM),Malaysia,2019,L,FC,VH,3,A,41,33.2,67.3,19.7,55.9,74.4,43.8
203,TEXAS A&M UNIVERSITY,United States,2019,XL,FC,VH,5,A,59.1,48,14.1,51.8,20.3,14.5,43.5
  204=,RADBOUD UNIVERSITY NIJMEGEN,Netherlands,2019,L,FC,VH,4,A,29.4,13.4,50.2,79.5,55.3,28.4,43.3
  204=,UNIVERSIDADE ESTADUAL DE CAMPINAS (UNICAMP),Brazil,2019,L,FC,VH,4,A,65.6,45.2,27,31,11.1,5.1,43.3
206,UNIVERSIDAD COMPLUTENSE DE MADRID (UCM),Spain,2019,XL,FC,VH,5,A,65.6,73,24.8,14.9,3.4,29.5,43.2
207,UNIVERSITI SAINS MALAYSIA (USM),Malaysia,2019,L,FC,VH,3,A,45.9,40.9,64.3,19.6,36,37.5,43
  208=,NATIONAL CHIAO TUNG UNIVERSITY,Taiwan,2019,M,CO,VH,5,A,26.7,37.1,52.3,68,38.5,43,42.6
  208=,UNIVERSIDAD DE CHILE,Chile,2019,XL,FC,HI,5,A,68.8,84.1,14.4,13.6,11.4,8.3,42.6
  208=,WASEDA UNIVERSITY,Japan,2019,XL,CO,VH,5,B,56.1,86,33.1,8.2,30.2,34.5,42.6
211,MAASTRICHT UNIVERSITY,Netherlands,2019,L,CO,VH,3,A,21.8,22.7,28.8,78.9,97.5,100,42.5
  212=,ARIZONA STATE UNIVERSITY,United States,2019,XL,CO,VH,5,A,41.6,27,12.2,70.6,64.5,61.6,42.3
  212=,UNIVERSITY OF NOTRE DAME,United States,2019,L,CO,VH,5,B,30.3,30.8,58.6,55.6,61.9,20.8,42.3
  214=,"UNIVERSITY OF ILLINOIS, CHICAGO (UIC)",United States,2019,L,FC,VH,5,A,46.4,28.9,48.2,38.8,22.7,37.7,42
  214=,UNIVERSITY OF NEWCASTLE,Australia,2019,L,FC,VH,4,A,31.2,26.2,34.6,54,99.8,82.3,42
  214=,WESTERN UNIVERSITY,Canada,2019,L,FC,VH,5,A,29.7,63.5,10.1,70.1,99.6,51.9,42
217,SAPIENZA - UNIVERSIT? DI ROMA,Italy,2019,XL,FC,VH,5,A,69.9,36.1,5.6,41.2,5.2,9.5,41.8
  218=,LOUGHBOROUGH UNIVERSITY,United Kingdom,2019,L,FO,VH,4,A,28.8,63.4,33,44.5,81.7,76.1,41.4
  218=,UNIVERSITY OF WOLLONGONG,Australia,2019,L,FC,VH,3,A,28.3,37.2,22.3,63.2,95.9,86.9,41.4
220,AL-FARABI KAZAKH NATIONAL UNIVERSITY,Kazakhstan,2019,L,CO,HI,4,A,33.4,48.9,99.3,1.2,34.4,23,41.3
  221=,SCIENCES PO PARIS,France,2019,M,SP,VH,5,A,25,42.5,90,4.3,56.3,99,41
  221=,VICTORIA UNIVERSITY OF WELLINGTON,New Zealand,2019,L,CO,VH,5,A,43.6,30.2,14.8,47.6,99.4,59.5,41
  223=,UNIVERSIT?T HAMBURG,Germany,2019,L,FC,VH,4,A,44.8,22.9,60.5,27,36.3,25.2,40.9
  223=,UNIVERSITY OF ANTWERP,Belgium,2019,L,FC,VH,3,A,22.6,22.7,94.8,25.5,65.4,42.7,40.9
  223=,UNIVERSITY OF LEICESTER,United Kingdom,2019,L,FC,VH,4,A,23.6,22.8,49.9,50.7,88,91.2,40.9
226,GEORGETOWN UNIVERSITY,United States,2019,L,FC,VH,5,B,35.1,38.7,69.7,27.3,21.5,46.4,40.8
227,UNIVERSITY OF SUSSEX,United Kingdom,2019,L,FC,HI,4,A,29,12.6,29.7,60.4,96.9,98,40.7
228,UNIVERSITI TEKNOLOGI MALAYSIA (UTM),Malaysia,2019,L,CO,VH,3,A,30.1,35.6,85.3,17.1,27.8,58.8,40.5
229,UNIVERSITY OF CALGARY,Canada,2019,XL,FC,VH,4,A,33.4,39.6,35.6,42.2,85.7,61.6,40.4
230,TEL AVIV UNIVERSITY,Israel,2019,L,FC,VH,4,A,34.3,33.5,9.3,95.9,35.3,6.7,40.3
  231=,KING ABDUL AZIZ UNIVERSITY (KAU),Saudi Arabia,2019,XL,FC,VH,4,A,24.9,25.1,71.3,25.3,99.1,63.9,40
  231=,UNIVERSITY OF CANTERBURY,New Zealand,2019,M,CO,VH,5,A,35.6,35.5,16.4,52.7,99.5,66.9,40
  231=,VRIJE UNIVERSITEIT AMSTERDAM,Netherlands,2019,L,FC,VH,5,A,38.6,22.3,44.1,52.7,41.9,14.9,40
234,NATIONAL CHENG KUNG UNIVERSITY,Taiwan,2019,L,FC,VH,4,A,37.8,39.3,44.2,45.2,17,29.4,39.4
235,SAINT-PETERSBURG STATE UNIVERSITY,Russia,2019,L,FC,VH,5,A,35.3,31.3,95.2,4.8,6,31.8,39.2
236,ROYAL HOLLOWAY UNIVERSITY OF LONDON,United Kingdom,2019,M,CO,VH,5,A,19.3,16.1,29.2,69.9,98.1,97.9,39.1
  237=,AMERICAN UNIVERSITY OF BEIRUT (AUB),Lebanon,2019,M,FC,VH,5,B,21.1,59.6,67.3,14.3,96.2,67.8,39
  237=,TUFTS UNIVERSITY,United States,2019,M,FC,VH,5,B,19.8,14.2,79.7,48.4,37.6,41.4,39
  239=,QUEEN'S UNIVERSITY,Canada,2019,L,FC,VH,5,A,33.7,65,10.4,58.5,76.2,23.7,38.9
  239=,UNIVERSIT? LIBRE DE BRUXELLES (ULB),Belgium,2019,L,FC,VH,5,A,31.3,61.1,14.4,43,81.6,91.7,38.9
  239=,UNIVERSIT? PARIS-SUD 11,France,2019,L,CO,VH,5,A,29,16.5,81.9,23.4,45.6,43.8,38.9
  242=,UNIVERSIDAD DE NAVARRA,Spain,2019,M,FC,VH,4,B,33,81.7,45,21.5,20.9,60.1,38.8
  242=,UNIVERSITY OF MIAMI,United States,2019,L,FC,VH,4,B,21.1,16.9,76.6,54.1,7.9,41.2,38.8
  244=,NOVOSIBIRSK STATE UNIVERSITY,Russia,2019,M,CO,VH,4,A,28.6,34.7,90.5,13.7,6,51.2,38.7
  244=,QUEENSLAND UNIVERSITY OF TECHNOLOGY (QUT),Australia,2019,XL,CO,VH,3,A,39.9,52.7,12.3,39.3,98.5,42.3,38.7
246,UNIVERSITY OF ARIZONA,United States,2019,XL,FC,VH,5,A,40.1,22.5,20,72.2,14.7,18.2,38.5
247,TECHNION - ISRAEL INSTITUTE OF TECHNOLOGY,Israel,2019,L,FC,VH,5,A,31.5,31.6,24.4,70.6,61.5,9.9,38.4
248,UNIVERSITY OF SURREY,United Kingdom,2019,L,CO,VH,4,A,23.7,29.4,28.8,52,95.9,97.2,38.3
249,UNIVERSIT? DEGLI STUDI DI PADOVA (UNIPD),Italy,2019,XL,FC,VH,5,A,52.2,35.9,14,50,9.5,6.4,38.2
  250=,CURTIN UNIVERSITY,Australia,2019,L,CO,VH,3,A,30,44.1,24.7,42.8,100,59.2,38
  250=,MACQUARIE UNIVERSITY,Australia,2019,L,FC,VH,4,A,30.2,42.6,19.6,41.7,94.7,91.5,38
  250=,RMIT UNIVERSITY,Australia,2019,XL,CO,VH,3,A,33.9,65.2,14.1,27.4,100,89.8,38
  253=,TECHNISCHE UNIVERSIT?T DARMSTADT,Germany,2019,L,FO,VH,5,A,20.5,79.1,7.5,73.6,50.4,59.5,37.9
  253=,UNIVERSIDAD CARLOS III DE MADRID,Spain,2019,L,FO,VH,3,A,34.4,59.4,68,9.2,38.7,14.9,37.9
255,RHEINISCHE FRIEDRICH-WILHELMS-UNIVERSIT?T BONN,Germany,2019,XL,FC,VH,5,A,46.6,22.2,45,24,30.5,27.6,37.7
256,KING SAUD UNIVERSITY (KSU),Saudi Arabia,2019,XL,FC,VH,4,A,25.1,27.6,81.5,15.2,96.2,11.8,37.6
  257=,NATIONAL TAIWAN UNIVERSITY OF SCIENCE AND TECHNOLOGY,Taiwan,2019,M,FO,VH,3,A,23.4,23.5,76.3,39.8,17.2,31.7,37.5
  257=,WUHAN UNIVERSITY,China,2019,XL,FC,VH,5,A,37.4,54.5,25.5,42.1,56.2,12.5,37.5
259,"UNIVERSITY OF MASSACHUSETTS, AMHERST",United States,2019,L,CO,VH,5,A,44.8,16.1,19.2,59.8,21,15.7,37.3
  260=,"NATIONAL UNIVERSITY OF IRELAND, GALWAY (NUIG)",Ireland,2019,L,FC,HI,5,A,20.5,26.2,76.2,17.3,90.8,59.1,37.1
  260=,UNIVERSIT?T STUTTGART,Germany,2019,L,CO,VH,5,A,26.7,59.9,14.3,62.6,36.7,62.8,37.1
  260=,UNIVERSITY OF TSUKUBA,Japan,2019,L,FC,VH,3,A,34.9,18,69.3,23.8,18.2,33.7,37.1
263,ECOLE DES PONTS PARISTECH,France,2019,S,FO,VH,5,A,10,64.2,86.5,14.3,27.1,100,37
  264=,INDIAN INSTITUTE OF TECHNOLOGY MADRAS (IITM),India,2019,M,CO,VH,4,A,35.2,45.9,29.8,58.7,3.3,1.6,36.7
  264=,KYUNG HEE UNIVERSITY,South Korea,2019,L,FC,VH,4,B,23.8,36.9,84.6,19.5,15.6,35.4,36.7
  264=,SIMON FRASER UNIVERSITY,Canada,2019,L,CO,VH,4,A,22.7,22.9,6.2,73,95.4,91.8,36.7
  264=,UNIVERSITY OF SOUTH AUSTRALIA (UNISA),Australia,2019,L,CO,VH,3,A,23.8,21.4,32.6,49.2,100,72.6,36.7
268,UNIVERSITY OF STRATHCLYDE,United Kingdom,2019,L,CO,VH,4,A,25.5,55.7,27.5,33.1,93.2,79.6,36.6
  269=,UNIVERSITY OF EAST ANGLIA (UEA),United Kingdom,2019,L,FC,HI,4,A,20.2,14,44.4,47.3,84.5,84.4,36.4
  269=,UNIVERSITY OF GOTHENBURG,Sweden,2019,L,FC,VH,5,A,34.6,12.5,56.3,32.1,42.5,27.4,36.4
271,CHULALONGKORN UNIVERSITY,Thailand,2019,XL,FC,HI,5,A,58.6,44.9,28.1,8.7,15.7,3.3,36.3
  272=,UNIVERSIDAD DE LOS ANDES COLOMBIA,Colombia,2019,L,FC,HI,4,B,51.6,78.5,22.2,7.1,30.6,3,36.1
  272=,UNIVERSITY OF DUNDEE,United Kingdom,2019,M,FC,VH,4,A,18.4,10.6,73.2,26.7,89.1,63.6,36.1
274,UNIVERSITY OF WAIKATO,New Zealand,2019,M,CO,VH,4,A,18.3,19.2,16.9,71.7,97.6,80.4,36
  275=,UNIVERSIDAD NACIONAL DE COLOMBIA,Colombia,2019,XL,FC,HI,5,A,58.9,82.1,12.8,4.5,10.8,1.6,35.9
  275=,UNIVERSITAT POLIT?CNICA DE CATALUNYA,Spain,2019,L,CO,VH,3,A,36,38,55.4,22.7,9.9,29.5,35.9
  277=,HONG KONG BAPTIST UNIVERSITY (HKBU),Hong Kong,2019,M,FC,HI,2,A,15.8,14.3,40.5,52,100,89.7,35.8
  277=,TOMSK STATE UNIVERSITY,Russia,2019,M,CO,VH,5,A,19.2,21.1,99,3.4,25.6,82.9,35.8
  279=,DALHOUSIE UNIVERSITY,Canada,2019,L,FC,VH,5,A,19.1,18.7,24.4,62.1,100,76.9,35.7
  279=,NORTH CAROLINA STATE UNIVERSITY,United States,2019,L,CO,VH,5,A,32,12.7,35.2,47,64.6,38.3,35.7
  279=,UNIVERSIT?T FRANKFURT AM MAIN,Germany,2019,XL,FC,VH,5,A,48.6,42.8,25.3,20.7,18.2,36.1,35.7
  279=,UNIVERSIT?T INNSBRUCK,Austria,2019,L,FC,HI,5,A,20,29.5,56.8,17.3,98.1,99.2,35.7
  283=,INDIAN INSTITUTE OF TECHNOLOGY KANPUR (IITK),India,2019,M,CO,VH,4,A,32.5,36.7,17.6,75.6,2.1,1.4,35.6
  283=,"RUTGERS - THE STATE UNIVERSITY OF NEW JERSEY, NEW BRUNSWICK",United States,2019,XL,CO,VH,5,A,39.4,25.9,40.8,31.8,27.7,25.6,35.6
  285=,HARBIN INSTITUTE OF TECHNOLOGY,China,2019,L,FO,VH,4,A,22.1,9.5,56,65.8,10.2,11.6,35.3
  285=,UNIVERSITY OF TURKU,Finland,2019,L,FC,VH,4,A,26,31.5,67.4,30.1,35.8,7.5,35.3
287,UNIVERSITY OF TASMANIA,Australia,2019,M,CO,VH,5,A,18.6,11.1,26,58.9,97,93.6,35.2
288,"SOAS - SCHOOL OF ORIENTAL AND AFRICAN STUDIES, UNIVERSITY OF LONDON",United Kingdom,2019,S,SP,VH,5,A,27.5,15.3,44.4,18.1,100,100,35.1
  289=,UNIVERSIT? GRENOBLE-ALPES (UGA),France,2019,XL,FC,VH,5,A,52.2,10.3,14.6,36.7,25.4,29.8,35
  289=,UNIVERSITY OF OTTAWA,Canada,2019,XL,FC,VH,5,A,26.3,31.3,8.8,62.5,86.4,54.3,35
291,TONGJI UNIVERSITY,China,2019,XL,FC,VH,5,A,29.6,14.3,25.9,52.2,91.8,27.1,34.9
  292=,BEIJING NORMAL UNIVERSITY,China,2019,L,CO,VH,5,A,37.8,14.8,35.3,48.3,15.6,12.8,34.8
  292=,NATIONAL YANG MING UNIVERSITY,Taiwan,2019,S,FC,VH,3,A,14.5,12.6,99.9,34.8,7.2,7.5,34.8
  292=,UNIVERSITY OF INDONESIA,Indonesia,2019,XL,FC,MD,5,A,36.1,51.3,49.1,1.8,93.9,5.5,34.8
  295=,INDIAN INSTITUTE OF TECHNOLOGY KHARAGPUR (IITKGP),India,2019,M,FO,VH,4,A,26.5,44.3,18.3,76.8,9.9,1,34.7
  295=,SUN YAT-SEN UNIVERSITY,China,2019,XL,FC,VH,4,A,35.4,44.4,41.8,30.9,19.1,9.3,34.7
  295=,UNIVERSIT? PARIS DIDEROT - PARIS 7,France,2019,L,FC,VH,5,A,42.2,5,19.1,43.9,33.9,59.4,34.7
298,UNIVERSITAT POMPEU FABRA,Spain,2019,L,CO,VH,3,A,32.8,31.1,21.5,45,73,26.2,34.6
  299=,BAUMAN MOSCOW STATE TECHNICAL UNIVERSITY,Russia,2019,L,CO,HI,5,A,19.7,55.2,100,1.2,3.4,11.7,34.5
  299=,UNIVERSIT?T ERLANGEN-N?RNBERG,Germany,2019,XL,FC,VH,5,A,23.3,22.2,4,96.3,29.4,26.8,34.5
  299=,UNIVERSIT? PARIS 1 PANTH?ON-SORBONNE,France,2019,XL,FO,HI,5,A,55.8,53.1,5.1,3.8,24.6,75.6,34.5
  302=,HERIOT-WATT UNIVERSITY,United Kingdom,2019,M,CO,VH,4,A,15.1,40.8,34.7,37.4,98.5,96.8,34.4
  302=,LINK?PING UNIVERSITY,Sweden,2019,L,CO,VH,3,A,19.9,28.9,56.1,41.8,58.5,19.1,34.4
  302=,UNIVERSITY OF HAWAII AT M?¡§OA,United States,2019,L,FC,VH,5,A,19.8,5.4,62.9,45.5,63.6,20.7,34.4
305,ECOLE NORMALE SUP?RIEURE DE CACHAN,France,2019,S,CO,VH,5,A,15.4,10.6,93.7,27.1,21.2,35.7,34.3
  306=,"BIRKBECK COLLEGE, UNIVERSITY OF LONDON",United Kingdom,2019,M,FO,VH,5,A,15.4,7.8,25.1,62,96.9,98.6,34.2
  306=,UNIVERSIT?T K?LN,Germany,2019,XL,FC,VH,5,A,36.9,44.7,40.1,15.9,43,30.4,34.2
308,NATIONAL TAIWAN NORMAL UNIVERSITY,Taiwan,2019,M,CO,VH,4,A,26.3,11.8,78,10.9,16.6,73.4,34.1
309,DEAKIN UNIVERSITY,Australia,2019,XL,FC,HI,3,A,28.1,43.6,7.9,42,97.2,68.7,34
  310=,UNIVERSIDAD POLITECNICA DE VALENCIA,Spain,2019,L,CO,VH,4,A,24.1,25,83.1,14.6,6.5,32,33.7
  310=,YESHIVA UNIVERSITY,United States,2019,M,FC,VH,5,B,3.3,2.9,97.5,59.3,,13.3,33.7
312,MOSCOW INSTITUTE OF PHYSICS AND TECHNOLOGY STATE UNIVERSITY,Russia,2019,M,FO,VH,4,A,14.1,29.2,99,8.7,28.1,40,33.6
  313=,UNIVERSITY AT BUFFALO SUNY,United States,2019,L,FC,VH,5,A,20.1,11,11.1,73.2,87.7,59.1,33.4
  313=,XI'AN JIAOTONG UNIVERSITY,China,2019,XL,FC,VH,5,A,24,25.1,47.7,47,36.3,9.7,33.4
  315=,GWANGJU INSTITUTE OF SCIENCE AND TECHNOLOGY (GIST),South Korea,2019,S,FO,VH,3,A,9.7,4,39.8,100,9.9,9,33.3
  315=,KHALIFA UNIVERSITY,United Arab Emirates,2019,S,SP,VH,2,A,6.4,7.4,82.7,27.7,100,56.9,33.3
  317=,CHARLES UNIVERSITY,Czech Republic,2019,XL,FC,VH,5,A,38.2,36.2,43.1,11.4,19,47.8,33.2
  317=,LINCOLN UNIVERSITY,New Zealand,2019,S,CO,VH,5,A,7.8,8.7,58.5,39.7,92.2,97.6,33.2
  319=,EWHA WOMANS UNIVERSITY,South Korea,2019,L,FC,HI,5,B,20.7,18.2,85.8,15.5,10.6,43.1,33.1
  319=,TILBURG UNIVERSITY,Netherlands,2019,M,FO,VH,4,A,15.1,18.4,9.3,79.6,93.5,52.9,33.1
  321=,HIROSHIMA UNIVERSITY,Japan,2019,L,FC,VH,4,A,24.5,11.8,84.1,17,12.7,16.7,32.8
  321=,UNIVERSITY OF TARTU,Estonia,2019,M,FC,VH,5,A,20.4,21.6,82.7,18.9,22.4,20,32.8
  323=,INDIANA UNIVERSITY BLOOMINGTON,United States,2019,XL,FC,VH,5,A,42.7,31.2,26.2,19.7,41.6,22.1,32.7
  323=,UNIVERSITY OF BRUNEI DARUSSALAM,Brunei,2019,S,CO,HI,3,A,10,3.7,94.8,4.8,100,65.7,32.7
325,UNIVERSIT? DEGLI STUDI DI MILANO,Italy,2019,XL,FC,VH,4,A,45.2,24.8,9.8,45.1,11.5,6.2,32.5
  326=,NORTHEASTERN UNIVERSITY,United States,2019,L,CO,VH,5,B,18.8,22.2,29.1,39.4,78.5,97.4,32.3
  326=,UNIVERSIT?T JENA,Germany,2019,L,FC,VH,5,A,18.5,7.1,92.7,20.8,,28.2,32.3
328,UNIVERSITY OF PORTO,Portugal,2019,L,FC,VH,5,A,36.9,25.5,17.1,52.9,6.2,9.5,32.2
  329=,GRIFFITH UNIVERSITY,Australia,2019,XL,FC,VH,3,A,24,24.4,14.9,47,98.3,54.4,32.1
  329=,"NATIONAL RESEARCH NUCLEAR UNIVERSITY ""MEPHI"" (MOSCOW ENGINEERING PHYSICS INSTITUTE)",Russia,2019,M,FO,VH,4,A,9.9,20,96.1,5.1,44.1,72.6,32.1
  329=,WESTF?LISCHE WILHELMS-UNIVERSIT?T M?NSTER,Germany,2019,XL,FC,VH,5,A,34.1,33.2,45.4,20.4,28,10.5,32.1
  332=,BRUNEL UNIVERSITY,United Kingdom,2019,M,CO,VH,4,A,11.9,16.8,21,56.9,98.9,98.5,32
  332=,MASSEY UNIVERSITY,New Zealand,2019,L,CO,VH,4,A,27.3,28.9,18.7,24.9,98.8,89.1,32
  332=,QATAR UNIVERSITY,Qatar,2019,M,FC,HI,3,A,13.9,19.3,61.9,10.5,100,99.5,32
  332=,UNIVERSIT?T ULM,Germany,2019,M,CO,VH,4,A,7.4,9.9,76,44.7,45.8,31.4,32
  336=,"UNIVERSITY OF CALIFORNIA, SANTA CRUZ (UCSC)",United States,2019,L,CO,VH,4,A,20.1,15.1,10.9,91.3,26.2,10.7,31.9
  336=,UNIVERSITY OF JYV?SKYL?,Finland,2019,M,CO,VH,4,A,17.2,5.7,87.2,21.7,43.6,7.3,31.9
  338=,NANKAI UNIVERSITY,China,2019,L,FC,VH,4,A,24.1,8.1,33.9,61.8,31.1,8.8,31.7
  338=,UME? UNIVERSITY,Sweden,2019,L,FC,VH,4,A,18.6,7.4,81.1,24.4,31.9,15.1,31.7
  338=,UNIVERSIT?T MANNHEIM,Germany,2019,M,FO,VH,5,A,18.5,67.4,11.5,56.3,44.5,33.3,31.7
  338=,UNIVERSITY COLLEGE CORK (UCC),Ireland,2019,L,FC,VH,5,A,25.7,25.5,28.7,30,95,46.4,31.7
  338=,VIRGINIA POLYTECHNIC INSTITUTE (VIRGINIA TECH),United States,2019,XL,FC,VH,5,A,31.4,32.3,28.1,40,22.6,22.4,31.7
  343=,AALBORG UNIVERSITY,Denmark,2019,L,FC,VH,3,A,17,34.4,43.9,33.5,75.7,39.7,31.6
  343=,NATIONAL RESEARCH UNIVERSITY - HIGHER SCHOOL OF ECONOMICS (HSE),Russia,2019,L,FO,VH,3,A,19.4,28.8,96.6,1.7,10.3,14.5,31.6
  345=,GEORGE WASHINGTON UNIVERSITY,United States,2019,L,FC,VH,5,B,28.2,24.9,31.5,34.3,40.5,50.1,31.5
  345=,RENSSELAER POLYTECHNIC INSTITUTE,United States,2019,M,CO,VH,5,B,11.9,12.4,32.2,73,40.3,47.7,31.5
  345=,UNIVERSITY OF UTAH,United States,2019,L,FC,VH,5,A,16.4,6.9,66.8,43.7,26.8,14.1,31.5
348,UNIVERSIT? DE STRASBOURG,France,2019,XL,FC,HI,5,A,47.1,9.3,11.6,23.6,41,46.5,31.3
349,STONY BROOK UNIVERSITY,United States,2019,L,FC,VH,4,A,22.1,7.2,39.8,39.6,30.5,82.4,31.2
350,UNITED ARAB EMIRATES UNIVERSITY,United Arab Emirates,2019,M,FC,HI,3,A,17.2,22.7,57.6,11,100,62.9,31.1
351,CITY UNIVERSITY LONDON,United Kingdom,2019,L,CO,HI,5,A,15.4,24.8,13.4,49.2,95.3,99.8,31
  352=,KOBE UNIVERSITY,Japan,2019,L,FC,VH,4,A,26.1,31.6,66.1,15.3,10.7,8.9,30.9
  352=,TOKYO MEDICAL AND DENTAL UNIVERSITY,Japan,2019,S,FO,VH,4,A,12.5,6,100,21.6,3.5,14.4,30.9
354,BELARUS STATE UNIVERSITY,Belarus,2019,L,FO,HI,4,A,16.4,30.8,95.3,1.7,9,24.4,30.8
  355=,MOSCOW STATE INSTITUTE OF INTERNATIONAL RELATIONS ?MGIMO UNIVERSITY,Russia,2019,M,SP,MD,4,A,10.1,31.9,99.6,1,13.1,52.1,30.7
  355=,UNIVERSITY OF ESSEX,United Kingdom,2019,L,CO,HI,4,A,20.3,13.8,19.9,35.9,99.9,99.7,30.7
  355=,UNIVERSITY OF KENT,United Kingdom,2019,L,CO,VH,4,A,19.1,15,32.2,28.8,97.7,88.4,30.7
  355=,UNIVERSITY OF LISBON,Portugal,2019,XL,FC,VH,5,A,37.7,27.6,15.1,38.2,9,33.6,30.7
  359=,BANDUNG INSTITUTE OF TECHNOLOGY (ITB),Indonesia,2019,L,CO,HI,4,A,36.2,41.7,43.9,3.2,42.1,2.6,30.4
  359=,UNIVERSITY OF VICTORIA,Canada,2019,L,CO,VH,4,A,16.3,10.1,7.1,70.5,91.3,54.9,30.4
361,UNIVERSIDADE FEDERAL DO RIO DE JANEIRO,Brazil,2019,XL,FC,VH,4,A,53,18.9,22.5,10.4,7.1,3,30.3
362,TAIPEI MEDICAL UNIVERSITY,Taiwan,2019,M,FO,VH,4,B,9.7,13.2,93.6,18.7,28.5,20,30.2
  363=,NORWEGIAN UNIVERSITY OF SCIENCE AND TECHNOLOGY,Norway,2019,XL,FC,VH,5,A,27,28.1,32.6,28.4,68.1,15.6,30.1
  363=,OXFORD BROOKES UNIVERSITY,United Kingdom,2019,L,CO,HI,3,A,27.8,59.3,14.8,15.1,60.5,79.3,30.1
  363=,TECHNISCHE UNIVERSIT?T GRAZ,Austria,2019,M,FO,VH,5,A,11.4,15.3,73.3,16.9,65.9,52.1,30.1
366,TAMPERE UNIVERSITY OF TECHNOLOGY,Finland,2019,M,CO,VH,3,A,9,17.9,76.1,32.6,38.7,17.6,30
  367=,UNIVERSIDAD AUSTRAL,Argentina,2019,S,CO,MD,3,B,17.3,41.4,88,1.8,5.7,9.8,29.9
  367=,UNIVERSITY OF KANSAS,United States,2019,L,FC,VH,5,A,16.6,12.2,82.2,19.3,18.4,15.7,29.9
  369=,JAMES COOK UNIVERSITY (JCU),Australia,2019,L,FC,HI,3,A,13.5,9.9,15.6,54.9,93.1,90,29.7
  369=,PONTIFICIA UNIVERSIDAD CAT?LICA ARGENTINA SANTA MAR?A DE LOS BUENOS AIRES (UCA),Argentina,2019,L,FC,LO,4,B,16.2,44.7,86.9,1.2,,20.6,29.7
  369=,UNIVERSITY OF TROMSO,Norway,2019,L,FC,HI,4,A,13.3,2.9,91.9,9.2,59.9,15.5,29.7
372,RUHR-UNIVERSIT?T BOCHUM,Germany,2019,XL,FC,VH,4,A,22.8,21,5.1,68.4,38.5,33,29.6
  373=,TOMSK POLYTECHNIC UNIVERSITY,Russia,2019,M,FO,VH,5,A,9.2,20.1,89.1,3.3,20.5,81.7,29.4
  373=,UNIVERSITY OF CONNECTICUT,United States,2019,L,FC,VH,5,A,16.7,7.4,23.1,60.5,69.5,33.3,29.4
375,UNIVERSITY OF ST GALLEN (HSG),Switzerland,2019,M,SP,VH,5,A,9.9,73.5,7.7,33.4,100,94.6,29.3
  376=,AMERICAN UNIVERSITY OF SHARJAH,United Arab Emirates,2019,M,FC,HI,2,B,16.8,43.1,25.6,14.7,100,100,29.2
  376=,BOSTON COLLEGE,United States,2019,L,CO,HI,5,B,23.4,29.4,31.6,29.1,73.1,20.7,29.2
  376=,UNIVERSITY OF OULU,Finland,2019,M,FC,VH,4,A,16.1,14.1,61.3,34.2,33.4,9.5,29.2
  376=,UNIVERSITY OF SOUTHERN DENMARK,Denmark,2019,L,FO,VH,4,A,18.2,18.2,42.4,29.7,75.9,36.2,29.2
380,MAHIDOL UNIVERSITY,Thailand,2019,L,FC,VH,4,A,35.1,23.3,49.6,8.5,15.1,5.5,29.1
  381=,ASTON UNIVERSITY,United Kingdom,2019,L,CO,HI,4,A,11.1,48.5,12.1,44.3,95.5,70.9,29
  381=,INDIAN INSTITUTE OF TECHNOLOGY ROORKEE (IITR),India,2019,M,FO,VH,5,A,13.5,21.6,16.8,89.5,,2.6,29
  381=,UNIVERSITY OF THE WITWATERSRAND,South Africa,2019,L,FC,VH,5,A,25.1,38.1,14.4,35.9,87.1,12.7,29
  384=,UNIVERSIDAD DE BELGRANO,Argentina,2019,M,CO,LO,4,B,8.9,27.9,91.1,1.1,7.2,71.3,28.8
  384=,"UNIVERSITY OF CALIFORNIA, RIVERSIDE (UCR)",United States,2019,L,FC,VH,4,A,18.2,22.8,16.8,61.4,60.6,10,28.8
  384=,UNIVERSITY OF THE PHILIPPINES,Philippines,2019,XL,FC,MD,5,A,30.9,49.6,54.3,2.1,1.9,1.5,28.8
  387=,HUFS ?HANKUK (KOREA) UNIVERSITY OF FOREIGN STUDIES,South Korea,2019,L,CO,HI,4,B,12.6,22.1,84,2.1,42.9,40.8,28.7
  387=,POLITECNICO DI TORINO,Italy,2019,XL,FO,VH,5,A,29.4,53.3,5.7,43.3,2.7,32.2,28.7
  387=,SWINBURNE UNIVERSITY OF TECHNOLOGY,Australia,2019,L,CO,VH,3,A,12.6,23.3,17.4,42.5,98.7,87.6,28.7
  387=,WAKE FOREST UNIVERSITY,United States,2019,M,FC,VH,5,B,6.5,6.8,100,19.6,7.9,19.7,28.7
  391=,UNIVERSITAS GADJAH MADA,Indonesia,2019,XL,FC,MD,4,A,37.4,36,38.5,1.5,36.5,2.6,28.6
  391=,UNIVERSITY OF LIEGE,Belgium,2019,L,FC,VH,5,A,17.7,27.3,21.8,48.2,33,61.8,28.6
  391=,WASHINGTON STATE UNIVERSITY,United States,2019,L,FC,VH,5,A,28.5,19.5,23.9,32.1,68.4,12,28.6
  394=,L.N. GUMILYOV EURASIAN NATIONAL UNIVERSITY,Kazakhstan,2019,L,FO,HI,2,A,13.2,21.4,96.1,1.4,24.5,5,28.5
  394=,UNIVERSITY OF WARSAW,Poland,2019,XL,CO,VH,5,A,36.8,35,38.4,6.9,9.1,13.4,28.5
396,"GOLDSMITHS, UNIVERSITY OF LONDON",United Kingdom,2019,M,FO,VH,5,A,21.2,8.2,23.5,25.8,84.7,95.8,28.3
  397=,CHUNG-ANG UNIVERSITY,South Korea,2019,L,FC,HI,5,B,13.3,21,80.3,10.4,20.4,30.6,28.2
  397=,LA TROBE UNIVERSITY,Australia,2019,L,CO,VH,4,A,18.5,27.9,8.6,32.8,98.5,95.3,28.2
  397=,PAKISTAN INSTITUTE OF ENGINEERING AND APPLIED SCIENCES (PIEAS),Pakistan,2019,S,FO,VH,2,A,5.8,7.3,91.9,33.2,,1.1,28.2
  397=,UNIVERSIT?T KONSTANZ,Germany,2019,M,CO,VH,4,A,23.1,10.4,43.3,23.1,60.7,31.1,28.2
  397=,UNIVERSITY OF COLORADO AT DENVER,United States,2019,L,FC,VH,5,A,8.3,6.8,100,15.8,5.4,13,28.2
  402=,LAVAL UNIVERSITY,Canada,2019,L,FC,VH,5,A,21.4,19.1,32.9,29.8,70.9,29.5,28.1
  402=,NATIONAL SUN YAT-SEN UNIVERSITY,Taiwan,2019,M,CO,VH,3,A,23.4,17.9,30.6,46.9,18.4,8.6,28.1
404,PETER THE GREAT ST.PETERSBURG POLYTECHNIC UNIVERSITY,Russia,2019,L,FO,VH,5,A,9.9,14.7,87.8,2.7,17.1,69.9,28
  405=,STELLENBOSCH UNIVERSITY,South Africa,2019,L,FC,VH,5,A,25.6,28.9,5.1,50.4,57.9,13.2,27.9
  405=,UNIVERSIDADE NOVA DE LISBOA,Portugal,2019,L,FC,HI,3,A,27.7,31.1,30.1,22.9,26.1,35,27.9
  407=,BEN GURION UNIVERSITY OF THE NEGEV,Israel,2019,L,FC,VH,3,A,16.8,13.4,20.3,52.7,72.6,26.5,27.7
  407=,JOHANNES GUTENBERG UNIVERSIT?T MAINZ,Germany,2019,XL,FC,VH,5,A,20.3,16,53.8,20.4,38,23.2,27.7
  407=,UNIVERSIDAD EXTERNADO DE COLOMBIA,Colombia,2019,L,CO,LO,5,B,9.3,37.5,95.6,1.1,14.7,1.6,27.7
  407=,UNIVERSITY OF COIMBRA,Portugal,2019,L,FC,VH,5,A,29.3,14.6,22.9,33.1,11.3,53,27.7
411,JAGIELLONIAN UNIVERSITY,Poland,2019,XL,FC,HI,5,A,30.7,27.5,52.6,6.2,4.8,10.4,27.6
  412=,TULANE UNIVERSITY,United States,2019,M,FC,VH,5,B,10.6,5.6,83.6,18.6,20.7,23.1,27.5
  412=,UNIVERSIDAD DE ZARAGOZA,Spain,2019,L,FC,VH,5,A,22.2,15.9,69.1,12.7,4.3,6.7,27.5
  412=,URAL FEDERAL UNIVERSITY,Russia,2019,L,CO,VH,4,A,14.7,14.7,88.5,1.9,14.3,25.7,27.5
  415=,HUAZHONG UNIVERSITY OF SCIENCE AND TECHNOLOGY,China,2019,XL,FC,VH,4,A,19.8,21.9,17.9,62.7,13.1,7.9,27.4
  415=,NATIONAL CENTRAL UNIVERSITY,Taiwan,2019,M,CO,VH,4,A,22.2,15.4,34.8,38.8,21.6,21.5,27.4
  417=,NATIONAL UNIVERSITY OF SCIENCES AND TECHNOLOGY (NUST) ISLAMABAD,Pakistan,2019,M,CO,VH,3,A,15.9,41.9,73.9,7.8,3.5,4,27.3
  417=,UNIVERSITY OF STIRLING,United Kingdom,2019,M,CO,VH,4,A,11.1,12.2,24,50.6,75.5,57.3,27.3
419,UNIVERSITY OF TENNESSEE,United States,2019,L,FC,VH,5,A,13.2,18.7,22.8,74.1,6.2,5,27.2
  420=,AMERICAN UNIVERSITY IN CAIRO,Egypt,2019,M,CO,HI,4,B,22.2,28.5,47.2,5.3,91.4,4.9,27.1
  420=,UNIVERSIDAD DE PALERMO,Argentina,2019,M,FO,MD,3,B,9.5,9.8,76.8,1.1,37.5,95.9,27.1
  422=,DUBLIN CITY UNIVERSITY (DCU),Ireland,2019,L,CO,HI,3,A,14.7,30.7,42.9,15.7,70.6,53.8,27
  422=,SHANGHAI UNIVERSITY,China,2019,XL,CO,VH,2,A,25.9,8.7,51.6,16,38.2,4.5,27
  422=,UNIVERSIT? DI PISA,Italy,2019,XL,FC,VH,5,A,39,20.6,11.1,32,8,5.8,27
  422=,UNIVERSIT? DE MONTPELLIER,France,2019,XL,CO,VH,5,A,22.2,27.1,11.8,50.8,13.1,43.1,27
  426=,ILLINOIS INSTITUTE OF TECHNOLOGY,United States,2019,M,CO,VH,5,B,18,8,22.6,41.5,19.2,100,26.9
  426=,UNIVERSIT? DEGLI STUDI DI TRENTO,Italy,2019,L,CO,VH,4,A,24.4,14.2,16.4,50.1,37.3,9.1,26.9
  426=,UNIVERSITY OF TEXAS DALLAS,United States,2019,L,CO,VH,3,A,15.9,13.4,9.1,60.4,28.8,75.7,26.9
  429=,BRANDEIS UNIVERSITY,United States,2019,M,CO,VH,4,B,12.1,20.6,31.8,41.7,20.2,82.8,26.8
  429=,CHANG GUNG UNIVERSITY,Taiwan,2019,M,FO,VH,3,B,4.1,5.1,72.5,47,4.9,9.5,26.8
431,THE UNIVERSITY OF GEORGIA,United States,2019,XL,FC,VH,5,A,24.7,18.1,22.4,32.9,66.2,11.9,26.7
  432=,ABERYSTWYTH UNIVERSITY,United Kingdom,2019,M,CO,VH,5,A,10.7,6.6,33.8,45,66.5,48.3,26.5
  432=,DONGGUK UNIVERSITY,South Korea,2019,L,FC,HI,5,B,10.1,11,85.2,8.3,16.1,35.6,26.5
  432=,SHARIF UNIVERSITY OF TECHNOLOGY,Iran,2019,M,FO,VH,4,A,11.3,16.5,13.4,86.7,1.9,1.9,26.5
  435=,BANGOR UNIVERSITY,United Kingdom,2019,M,FC,HI,5,A,8.3,7.7,14.5,65.7,57.2,67.1,26.4
  435=,SOGANG UNIVERSITY,South Korea,2019,M,CO,VH,4,B,18.9,40.1,51.2,15.5,13.6,15.4,26.4
  435=,SWANSEA UNIVERSITY,United Kingdom,2019,L,FC,HI,4,A,12.2,14.8,34.2,30.6,74.8,65.4,26.4
  435=,UNIVERSITY OF IOWA,United States,2019,L,FC,VH,5,A,22.7,8.5,36.2,38.4,9.7,20.4,26.4
  439=,KAZAN FEDERAL UNIVERSITY,Russia,2019,L,FO,VH,5,A,17.2,9.3,77.1,2.8,6.9,39,26.2
  439=,UNIVERSITY OF DELAWARE,United States,2019,L,CO,VH,5,A,12.8,9.9,12.4,71.6,39.7,24.9,26.2
  439=,WAYNE STATE UNIVERSITY,United States,2019,L,FC,VH,5,A,10.5,4.9,76.9,20.2,19.7,20.5,26.2
442,UNIVERSITI TEKNOLOGI BRUNEI,Brunei,2019,S,FO,HI,3,A,6.8,9.3,77.9,4.3,98.8,20,26.1
  443=,BOND UNIVERSITY,Australia,2019,S,FC,HI,3,B,3,9.9,51.4,18.2,98.8,97.7,26
  443=,TIANJIN UNIVERSITY,China,2019,XL,CO,VH,5,A,17.2,6.2,26.2,62,10.3,5.5,26
  443=,UNIVERSITY OF MACAU,Macau,2019,M,FO,VH,3,A,10.9,6.2,21.2,34.6,100,96.7,26
  446=,NATIONAL TECHNICAL UNIVERSITY OF ATHENS,Greece,2019,L,FO,VH,5,A,19.4,41.1,8.9,59.9,,4.7,25.9
  446=,RUDN UNIVERSITY,Russia,2019,L,FC,MD,4,A,10.1,16.1,75.7,1.3,5.6,90.3,25.9
  448=,KING KHALID UNIVERSITY,Saudi Arabia,2019,XL,FC,MD,2,A,6.2,3.6,81.9,1.5,100,23.9,25.8
  448=,KO? UNIVERSITY,Turkey,2019,M,CO,VH,3,B,16.3,34.7,47,18.8,44.2,6.7,25.8
  450=,COLORADO STATE UNIVERSITY,United States,2019,L,CO,VH,5,A,18.8,22,40,28.2,34.5,10,25.7
  450=,OREGON STATE UNIVERSITY,United States,2019,L,CO,VH,5,A,17.5,6.5,31.1,36.9,62.5,25.4,25.7
  450=,SULTAN QABOOS UNIVERSITY,Oman,2019,M,FC,HI,3,A,9.5,13,65.4,11,100,4.8,25.7
  453=,CHRISTIAN-ALBRECHTS-UNIVERSIT?T ZU KIEL,Germany,2019,L,FC,VH,5,A,17.6,7.5,56.1,25.2,17.3,12.3,25.6
  453=,UNIVERSIT? AIX-MARSEILLE,France,2019,XL,FC,VH,5,A,34.7,8,15.3,25,25.6,29.3,25.6
  453=,"UNIVERSITY OF MARYLAND, BALTIMORE COUNTY",United States,2019,M,FC,VH,4,A,11.4,5.1,19,76.5,13,13.7,25.6
  456=,BILKENT UNIVERSITY,Turkey,2019,M,CO,VH,3,B,20.5,38.8,21.4,24.8,66.4,15.8,25.5
  456=,HITOTSUBASHI UNIVERSITY,Japan,2019,M,SP,HI,5,A,21.5,63.9,34.6,4.4,25.2,26.8,25.5
  456=,JOHANNES KEPLER UNIVERSIT?T LINZ (JKU),Austria,2019,M,CO,VH,4,A,11,29,40.2,27.3,71.5,21.5,25.5
  456=,THE CATHOLIC UNIVERSITY OF KOREA,South Korea,2019,M,FC,VH,5,B,4.9,2.5,96.9,17.4,3.9,4.1,25.5
460,YOKOHAMA CITY UNIVERSITY,Japan,2019,S,CO,VH,5,A,6.3,3.5,99.6,11,5.2,2.6,25.4
  461=,CLARK UNIVERSITY,United States,2019,S,CO,VH,5,B,5,2.7,36,54.7,17.9,79.5,25.3
  461=,UNIVERSIT?T DES SAARLANDES,Germany,2019,L,FC,HI,4,A,10.4,6.9,37.1,32.9,63.7,63.9,25.3
  461=,UNIVERSITY OF SASKATCHEWAN,Canada,2019,L,FC,VH,5,A,10.7,10.1,32,34.5,75.4,56.5,25.3
  464=,AUCKLAND UNIVERSITY OF TECHNOLOGY,New Zealand,2019,L,CO,HI,2,A,17.5,25.4,17.5,10.6,99.6,99.9,25.2
  464=,BEIJING INSTITUTE OF TECHNOLOGY,China,2019,L,FO,VH,4,A,21.2,7.6,32,44.1,6,8.1,25.2
  464=,CHIBA UNIVERSITY,Japan,2019,L,FC,VH,5,A,13,5.6,77.3,15.5,9.3,6.3,25.2
  464=,CONCORDIA UNIVERSITY,Canada,2019,XL,CO,VH,3,A,14.4,38.2,6.8,28.1,83.3,87.8,25.2
  464=,KAZAKH NATIONAL TECHNICAL UNIVERSITY AFTER K.I.SATPAYEV,Kazakhstan,2019,M,FO,HI,4,A,11.9,24.8,87.3,1.2,1.6,2.1,25.2
  464=,UNIVERSIDADE FEDERAL DE S?O PAULO (UNIFESP),Brazil,2019,L,FC,VH,4,A,12.4,6.5,84.6,11,7,2,25.2
  470=,UNIVERSIDAD POLIT?CNICA DE MADRID,Spain,2019,XL,SP,VH,3,A,28.7,51.9,21.4,11.6,3.3,32.6,25.1
  470=,UNIVERSITY OF SZEGED,Hungary,2019,L,FC,HI,5,A,16.8,13,60.1,6.6,15.6,57.4,25.1
  472=,FLORIDA STATE UNIVERSITY,United States,2019,XL,FC,HI,5,A,25.8,31.1,12.4,40.3,12.2,6.5,25
  472=,INDIAN INSTITUTE OF TECHNOLOGY GUWAHATI (IITG),India,2019,M,CO,VH,2,A,13,14.1,26.4,64.6,1.8,1.6,25
  472=,UNIVERSIT? DEGLI STUDI DI NAPOLI FEDERICO II,Italy,2019,XL,FC,VH,5,A,28.9,17.4,5.8,51.8,3.1,,25
475,JILIN UNIVERSITY,China,2019,XL,FC,VH,4,A,18,12,52.3,23.3,20.6,3.3,24.8
  476=,"NATIONAL UNIVERSITY OF SCIENCE AND TECHNOLOGY ""MISIS""",Russia,2019,M,CO,VH,4,A,8.9,17.9,75.1,5.2,8.7,54.9,24.7
  476=,XIAMEN UNIVERSITY,China,2019,XL,FC,VH,4,A,24,5.6,28.8,40.4,8.4,5,24.7
  478=,FLINDERS UNIVERSITY,Australia,2019,L,FC,HI,4,A,13.7,10.2,13.4,39.6,74.2,74.8,24.6
  478=,INSTITUT NATIONAL DES SCIENCES APPLIQU?ES DE LYON (INSA),France,2019,M,FO,VH,4,A,9.5,35.6,47.7,8.1,34.7,86.1,24.6
480,M.O.AUEZOV SOUTH KAZAKHSTAN STATE UNIVERSITY,Kazakhstan,2019,L,CO,MD,4,A,8,8.5,92.6,1,21,12.6,24.5
  481=,KAZAKH NATIONAL PEDAGOGICAL UNIVERSITY ABAI,Kazakhstan,2019,S,CO,MD,4,A,7.4,8.6,87.7,1.1,37.4,16.8,24.4
  481=,UCSI UNIVERSITY,Malaysia,2019,M,CO,MD,3,C,6.5,31,58.6,3,50.3,75.4,24.4
  481=,UNIVERSIDAD DE ALCAL?,Spain,2019,L,FC,HI,3,A,13.4,19.7,47.1,11.3,25.9,80.9,24.4
  481=,UNIVERSITY OF EASTERN FINLAND,Finland,2019,M,CO,VH,3,A,15.4,7.2,42.9,35.4,26.3,10.4,24.4
  481=,V.N. KARAZIN KHARKIV NATIONAL UNIVERSITY,Ukraine,2019,L,FC,MD,5,A,12.5,8.2,70.7,1.8,1.5,79.4,24.4
  481=,YORK UNIVERSITY,Canada,2019,XL,CO,VH,4,A,21.5,33.7,14.4,21,34.8,70.8,24.4
487,UNIVERSITY OF DELHI,India,2019,L,FC,HI,4,A,34,48.5,11,15.4,6.4,2,24.2
488,VILNIUS UNIVERSITY,Lithuania,2019,L,FC,HI,5,A,16.9,31.8,60.2,6.1,11.7,6,24.1
  489=,IOWA STATE UNIVERSITY,United States,2019,XL,CO,VH,5,A,20.8,11.4,18.8,39.9,32.5,21.9,24
  489=,UNIVERSIT? DE BORDEAUX,France,2019,XL,FO,VH,5,A,33.6,5.2,22.7,7.8,43.3,34.4,24
  491=,BEIHANG UNIVERSITY,China,2019,L,CO,VH,4,A,16.1,8.7,29.1,48.9,10.6,7,23.9
  491=,"UNIVERSIDADE ESTADUAL PAULISTA ""J?LIO DE MESQUITA FILHO""",Brazil,2019,XL,FC,VH,3,A,28.8,15.3,38.2,12.9,6.8,5.1,23.9
  491=,UNIVERSIT? CATTOLICA DEL SACRO CUORE,Italy,2019,L,CO,VH,4,B,23.2,50.2,17.7,18.9,21.1,24.1,23.9
494,UNIVERSITY OF NEW MEXICO,United States,2019,L,FC,VH,5,A,15.6,11.3,10.4,67.3,9.9,6.2,23.8
  495=,UNIVERSIDAD DE GRANADA,Spain,2019,XL,FC,VH,5,A,34.9,14,12.8,21.4,5.1,23.7,23.7
  495=,UNIVERSIT?T HOHENHEIM,Germany,2019,M,FO,VH,5,A,8.2,11.2,7.8,74.4,24.3,31.5,23.7
  495=,UNIVERSITY OF OKLAHOMA,United States,2019,L,FC,VH,5,A,10.7,13,61,17.6,37.1,10.6,23.7
  498=,AMIRKABIR UNIVERSITY OF TECHNOLOGY,Iran,2019,M,FO,VH,4,A,4.9,9.8,8.6,92.7,4.2,2.5,23.6
  498=,WESTERN SYDNEY UNIVERSITY,Australia,2019,XL,FC,HI,3,A,15.9,26.4,9.9,25.9,100,47.8,23.6
  500=,SINGAPORE MANAGEMENT UNIVERSITY,Singapore,2019,M,SP,HI,2,A,12.7,29,13.8,21.2,100,69.4,23.5
  500=,TECHNISCHE UNIVERSIT?T BRAUNSCHWEIG,Germany,2019,L,CO,VH,5,A,9.5,26.9,66.4,10.3,,33.1,23.5
  500=,UNIVERSIT? SAINT-JOSEPH DE BEYROUTH,Lebanon,2019,M,FC,MD,5,B,7.7,26.9,68.1,2.3,62.2,10.2,23.5
  500=,UNIVERSITY OF SCIENCE AND TECHNOLOGY BEIJING,China,2019,L,CO,VH,4,A,18.2,6,18.9,56.3,5,4.6,23.5
501-510,DREXEL UNIVERSITY,United States,2019,L,FC,VH,5,B,-,-,43,27.9,41.9,48.4,23.1 - 23.4
501-510,EAST CHINA NORMAL UNIVERSITY,China,2019,L,CO,VH,4,A,-,-,36.2,27.2,49.9,44.7,23.1 - 23.4
501-510,HOWARD UNIVERSITY,United States,2019,M,FC,HI,5,B,-,-,88.6,-,-,-,23.1 - 23.4
501-510,LEHIGH UNIVERSITY,United States,2019,M,CO,VH,5,B,-,-,37.9,45.2,-,47,23.1 - 23.4
501-510,NATIONAL RESEARCH SARATOV STATE UNIVERSITY,Russia,2019,M,CO,HI,5,A,-,-,99.4,-,-,14.9,23.1 - 23.4
501-510,PUSAN NATIONAL UNIVERSITY,South Korea,2019,L,FC,VH,4,A,19.8,-,42.2,21.1,-,-,23.1 - 23.4
501-510,SABANCI UNIVERSITY,Turkey,2019,S,FO,VH,2,B,-,23.6,38.6,21.1,39.5,17.1,23.1 - 23.4
501-510,UNIVERSIDAD DE COSTA RICA,Costa Rica,2019,XL,CO,MD,4,A,27.4,36.4,41.5,-,,-,23.1 - 23.4
501-510,UNIVERSIT? DEGLI STUDI DI FIRENZE (UNIFI),Italy,2019,XL,FC,VH,4,A,32.7,-,-,30,-,-,23.1 - 23.4
501-510,UNIVERSITY OF ULSAN,South Korea,2019,L,FC,VH,3,B,-,-,71.9,30.6,-,-,23.1 - 23.4
511-520,ITMO UNIVERSITY,Russia,2019,M,FO,VH,5,A,-,-,74.2,-,17.2,36.9,22.9 - 23
511-520,KUMAMOTO UNIVERSITY,Japan,2019,M,FC,VH,4,A,-,-,82.5,-,-,-,22.9 - 23
511-520,OKAYAMA UNIVERSITY,Japan,2019,L,FC,HI,5,A,-,-,74.9,-,-,-,22.9 - 23
511-520,SOUTHEAST UNIVERSITY,China,2019,XL,FC,VH,5,A,-,-,33.9,50.1,-,-,22.9 - 23
511-520,UNIVERSIDAD DE LA HABANA,Cuba,2019,M,CO,HI,5,A,-,25.8,66.6,-,-,-,22.9 - 23
511-520,UNIVERSIDAD DE SANTIAGO DE CHILE (USACH),Chile,2019,L,FC,MD,5,A,33.1,52.2,-,-,-,-,22.9 - 23
511-520,UNIVERSIT? DEGLI STUDI DI ROMA - TOR VERGATA,Italy,2019,XL,CO,VH,3,A,29.1,-,-,33,-,17.4,22.9 - 23
511-520,UNIVERSIT?T BREMEN,Germany,2019,L,CO,VH,3,A,20.5,-,29.5,23.5,42.9,22.3,22.9 - 23
511-520,UNIVERSITY OF LIMERICK (UL),Ireland,2019,L,FC,HI,3,A,-,21.3,27.2,24,89.7,19.6,22.9 - 23
521-530,CAIRO UNIVERSITY,Egypt,2019,XL,FC,VH,5,A,30.8,55,-,-,-,-,22.6 - 22.8
521-530,JULIUS-MAXIMILIANS-UNIVERSIT?T W?RZBURG,Germany,2019,L,FC,VH,5,A,-,-,-,47.3,38.9,-,22.6 - 22.8
521-530,LAPPEENRANTA UNIVERSITY OF TECHNOLOGY,Finland,2019,S,FO,VH,3,A,-,-,23.7,49.6,41.1,37.6,22.6 - 22.8
521-530,NAGASAKI UNIVERSITY,Japan,2019,M,CO,VH,4,A,-,-,87.8,-,-,-,22.6 - 22.8
521-530,PONTIFICIA UNIVERSIDAD JAVERIANA,Colombia,2019,L,FC,MD,5,B,32.4,58,-,-,-,-,22.6 - 22.8
521-530,RENMIN (PEOPLEµ£) UNIVERSITY OF CHINA,China,2019,L,FO,VH,4,A,26,30.9,35,-,-,-,22.6 - 22.8
521-530,UNIVERSIT? PAUL SABATIER TOULOUSE III,France,2019,L,CO,VH,5,A,23.4,-,44.3,-,-,34,22.6 - 22.8
521-530,UNIVERSITI TEKNOLOGI PETRONAS (PETRONAS),Malaysia,2019,M,SP,VH,2,B,-,19.7,31.8,16.8,89.9,42.4,22.6 - 22.8
521-530,UNIVERSITY OF SOUTH FLORIDA,United States,2019,XL,CO,VH,4,A,-,-,-,47.4,47.8,34.3,22.6 - 22.8
531-540,ABO AKADEMI UNIVERSITY,Finland,2019,M,CO,VH,5,A,-,-,44.3,29.5,40.7,21.7,22.2 - 22.5
531-540,CZECH TECHNICAL UNIVERSITY IN PRAGUE,Czech Republic,2019,L,SP,VH,5,A,18.5,43.9,28.2,-,-,44,22.2 - 22.5
531-540,EAST CHINA UNIVERSITY OF SCIENCE AND TECHNOLOGY,China,2019,L,CO,VH,4,A,-,-,-,70.3,-,-,22.2 - 22.5
531-540,NEW SCHOOL UNIVERSITY,United States,2019,M,FO,HI,4,B,-,-,60.9,-,-,97.1,22.2 - 22.5
531-540,PONTIFICIA UNIVERSIDADE CAT?LICA DE S?O PAULO (PUC-SP),Brazil,2019,M,FC,MD,4,B,-,25.8,69.3,-,-,-,22.2 - 22.5
531-540,SOUTHERN FEDERAL UNIVERSITY,Russia,2019,L,CO,HI,5,A,-,-,87.9,-,-,16.8,22.2 - 22.5
531-540,TARAS SHEVCHENKO NATIONAL UNIVERSITY OF KYIV,Ukraine,2019,L,CO,HI,5,A,18.8,-,60.6,-,-,-,22.2 - 22.5
531-540,UNIVERSIDAD DE MONTEVIDEO,Uruguay,2019,S,FC,LO,2,B,-,-,71.7,-,14.7,-,22.2 - 22.5
531-540,UNIVERSIT? PANTH?ON-ASSAS (PARIS 2),France,2019,L,SP,LO,5,A,-,18.7,78.1,-,,29.8,22.2 - 22.5
531-540,UNIVERSITY OF AVEIRO,Portugal,2019,L,SP,VH,3,A,-,-,23.9,60.2,,-,22.2 - 22.5
531-540,UNIVERSITY OF VERMONT,United States,2019,M,FC,VH,5,A,-,-,70.7,23.3,-,19.5,22.2 - 22.5
541-550,AMERICAN UNIVERSITY,United States,2019,L,CO,HI,5,B,19.7,30.8,35.1,-,-,27.2,21.9 - 22.1
541-550,FAR EASTERN FEDERAL UNIVERSITY,Russia,2019,L,CO,HI,5,A,-,-,79.8,-,20,42.6,21.9 - 22.1
541-550,OSAKA CITY UNIVERSITY,Japan,2019,M,FC,HI,5,A,-,-,69.8,-,-,-,21.9 - 22.1
541-550,SHANDONG UNIVERSITY,China,2019,XL,FC,VH,5,A,16.8,-,-,45.2,-,-,21.9 - 22.1
541-550,SOUTH CHINA UNIVERSITY OF TECHNOLOGY,China,2019,XL,CO,VH,4,A,-,-,-,62.1,-,-,21.9 - 22.1
541-550,UMM AL-QURA UNIVERSITY (UQU),Saudi Arabia,2019,XL,FC,MD,4,A,-,-,61.8,-,99.6,18.3,21.9 - 22.1
541-550,UNIVERSITAT RAMON LLULL,Spain,2019,L,CO,HI,3,B,-,53.8,-,-,96.5,45.1,21.9 - 22.1
541-550,UNIVERSIT? DU QU?BEC,Canada,2019,XL,FC,HI,4,A,23.6,19.2,-,29.3,48.9,17.4,21.9 - 22.1
541-550,UNIVERSITY OF CINCINNATI,United States,2019,L,FC,VH,5,A,-,-,37.8,32.8,-,17,21.9 - 22.1
551-560,INHA UNIVERSITY,South Korea,2019,L,FC,HI,4,B,-,-,72.3,-,-,-,21.5 - 21.8
551-560,JUSTUS-LIEBIG-UNIVERSIT?T GIE?EN,Germany,2019,L,FC,HI,5,A,-,-,-,72,-,14.7,21.5 - 21.8
551-560,LEIBNIZ UNIVERSIT?T HANNOVER,Germany,2019,L,CO,VH,5,A,19.3,-,-,40.9,24.2,29.4,21.5 - 21.8
551-560,MIDDLE EAST TECHNICAL UNIVERSITY,Turkey,2019,L,CO,VH,4,A,23.7,56.6,-,21,-,-,21.5 - 21.8
551-560,PONTIFICIA UNIVERSIDAD CAT?LICA DEL PER?,Peru,2019,L,FO,HI,5,B,33.1,42,-,-,15.9,-,21.5 - 21.8
551-560,QUAID-I-AZAM UNIVERSITY,Pakistan,2019,L,CO,VH,4,A,-,19.8,-,64,-,-,21.5 - 21.8
551-560,SYRACUSE UNIVERSITY,United States,2019,L,CO,VH,5,B,16.6,-,-,27,-,60.3,21.5 - 21.8
551-560,UNIVERSITY OF JOHANNESBURG,South Africa,2019,L,CO,VH,2,A,-,26.6,34,-,73.4,29.7,21.5 - 21.8
551-560,UNIVERSITY OF KENTUCKY,United States,2019,L,FC,VH,5,A,-,-,-,42.6,33.7,-,21.5 - 21.8
551-560,UNIVERSITY OF NEBRASKA,United States,2019,L,CO,VH,5,A,-,-,-,36.7,80.5,28.9,21.5 - 21.8
561-570,AMERICAN UNIVERSITY IN DUBAI,United Arab Emirates,2019,S,FO,MD,2,B,-,35.2,24.2,-,100,100,21.1 - 21.4
561-570,ARISTOTLE UNIVERSITY OF THESSALONIKI,Greece,2019,XL,FC,VH,4,A,24.7,23.8,-,33.5,-,20.2,21.1 - 21.4
561-570,INDIANA UNIVERSITY-PURDUE UNIVERSITY INDIANAPOLIS,United States,2019,L,FC,HI,3,A,-,-,76.6,-,-,-,21.1 - 21.4
561-570,KANAZAWA UNIVERSITY,Japan,2019,M,FC,VH,4,A,-,-,63.5,18.8,-,-,21.1 - 21.4
561-570,KARL-FRANZENS-UNIVERSIT?T GRAZ,Austria,2019,L,CO,HI,5,A,18,22.8,-,17.2,55.8,30.6,21.1 - 21.4
561-570,MARTIN-LUTHER-UNIVERSIT?T HALLE-WITTENBERG,Germany,2019,L,FC,HI,5,A,-,-,65.8,-,-,-,21.1 - 21.4
561-570,NATIONAL TAIPEI UNIVERSITY OF TECHNOLOGY,Taiwan,2019,M,FO,VH,5,A,-,-,39,30,29.2,20.4,21.1 - 21.4
561-570,UNIVERSITAT DE VAL?NCIA,Spain,2019,XL,FC,VH,5,A,29.1,-,-,21.8,-,-,21.1 - 21.4
561-570,UNIVERSITY OF PRETORIA,South Africa,2019,XL,FC,HI,5,A,22.7,40.4,-,17.4,55.3,17,21.1 - 21.4
561-570,UNIVERSITY OF SOUTH CAROLINA AT COLUMBIA,United States,2019,XL,FC,HI,5,A,17.4,-,-,32.8,43.1,-,21.1 - 21.4
571-580,BO?AZI?I ?NIVERSITESI,Turkey,2019,L,CO,HI,5,A,18.9,52,-,26.7,19,-,20.9 - 21
571-580,CHONBUK NATIONAL UNIVERSITY,South Korea,2019,L,FC,HI,4,A,-,-,57.2,19.6,-,-,20.9 - 21
571-580,COVENTRY UNIVERSITY,United Kingdom,2019,L,CO,HI,3,A,-,39,-,-,73.1,99.8,20.9 - 21
571-580,DALIAN UNIVERSITY OF TECHNOLOGY,China,2019,XL,CO,VH,4,A,-,-,-,62,-,-,20.9 - 21
571-580,MASARYK UNIVERSITY,Czech Republic,2019,L,CO,VH,4,A,20.5,20.9,-,-,23.4,72.6,20.9 - 21
571-580,SARAJEVO SCHOOL OF SCIENCE AND TECHNOLOGY,Bosnia and Herzegovina,2019,S,FO,LO,2,B,-,-,70.4,-,37.7,67.1,20.9 - 21
571-580,TOKYO UNIVERSITY OF AGRICULTURE AND TECHNOLOGY,Japan,2019,M,FO,VH,4,A,-,-,23.8,50.6,-,-,20.9 - 21
571-580,UNIVERSIT? DEGLI STUDI DI TORINO (UNITO),Italy,2019,XL,FC,VH,5,A,26.5,-,-,34.9,-,-,20.9 - 21
571-580,UNIVERSIT?T REGENSBURG,Germany,2019,L,CO,VH,4,A,-,-,-,41,36.1,-,20.9 - 21
571-580,UNIVERSIT? PARIS DESCARTES,France,2019,XL,FC,VH,5,A,20.4,-,-,35.1,-,19.1,20.9 - 21
581-590,COLLEGE OF WILLIAM & MARY,United States,2019,M,CO,VH,5,A,-,-,44,23.8,-,14.8,20.5 - 20.8
581-590,IMAM ABDULRAHMAN BIN FAISAL UNIVERSITY (IAU) (FORMERLY UNIVERSITY OF DAMMAM),Saudi Arabia,2019,L,FC,MD,3,A,-,-,67.4,-,99.4,-,20.5 - 20.8
581-590,INSTITUTO TECNOL?GICO DE BUENOS AIRES (ITBA),Argentina,2019,S,CO,MD,4,B,-,30.4,61.1,-,19.1,15.3,20.5 - 20.8
581-590,KONKUK UNIVERSITY,South Korea,2019,L,FC,HI,4,B,-,-,59.7,-,-,16.3,20.5 - 20.8
581-590,UNIVERSIDAD ANAHUAC,Mexico,2019,L,CO,LO,4,B,-,38.1,59.1,-,-,-,20.5 - 20.8
581-590,UNIVERSIDADE DE SANTIAGO DE COMPOSTELA,Spain,2019,L,CO,VH,5,A,22.9,-,27.2,22.5,-,-,20.5 - 20.8
581-590,UNIVERSIT? DEGLI STUDI DI PAVIA (UNIPV),Italy,2019,L,FC,VH,5,A,21.6,-,-,39,-,15.2,20.5 - 20.8
581-590,UNIVERSIT?T LEIPZIG,Germany,2019,L,FC,VH,5,A,24.7,-,24.2,19.9,-,21.6,20.5 - 20.8
581-590,UNIVERSITY OF GUELPH,Canada,2019,L,CO,VH,4,A,-,24.2,-,32.9,46.9,-,20.5 - 20.8
581-590,"UNIVERSITY OF MASSACHUSETTS, BOSTON",United States,2019,L,CO,VH,5,A,-,-,-,35,-,19,20.5 - 20.8
581-590,UNIVERSITY OF OREGON,United States,2019,L,CO,VH,5,A,18,-,-,28.1,-,30.8,20.5 - 20.8
581-590,VILNIUS GEDIMINAS TECHNICAL UNIVERSITY,Lithuania,2019,M,SP,HI,4,A,-,36,42.4,-,-,29.9,20.5 - 20.8
591-600,HALLYM UNIVERSITY,South Korea,2019,M,FC,VH,3,B,-,-,85.3,-,-,-,20.3 - 20.4
591-600,"KINGSTON UNIVERSITY, LONDON",United Kingdom,2019,L,CO,HI,3,A,-,-,-,-,74.6,96.4,20.3 - 20.4
591-600,MICHIGAN TECHNOLOGICAL UNIVERSITY,United States,2019,M,CO,VH,5,A,-,-,32.3,37.5,-,35,20.3 - 20.4
591-600,MURDOCH UNIVERSITY,Australia,2019,M,CO,VH,3,A,-,-,-,29,86.6,37.3,20.3 - 20.4
591-600,UNIVERSIDAD DE SALAMANCA,Spain,2019,L,FC,HI,5,A,25.9,-,23.4,-,-,29.3,20.3 - 20.4
591-600,UNIVERSIDAD DE SAN ANDR?S,Argentina,2019,S,SP,LO,3,B,-,32,62.8,-,-,-,20.3 - 20.4
591-600,UNIVERSITY OF BALAMAND,Lebanon,2019,M,CO,MD,3,B,-,-,83.1,-,-,-,20.3 - 20.4
591-600,UNIVERSITY OF BRADFORD,United Kingdom,2019,M,CO,VH,4,A,-,-,-,26.4,55.2,84.2,20.3 - 20.4
591-600,UNIVERSITY OF HULL,United Kingdom,2019,L,FC,HI,4,A,-,-,-,34.4,65,54,20.3 - 20.4
591-600,UNIVERSITY OF HYDERABAD,India,2019,S,FC,VH,3,A,-,-,28.7,42.9,,-,20.3 - 20.4
591-600,"UNIVERSITY OF MISSOURI, COLUMBIA",United States,2019,XL,FC,HI,5,A,16.5,-,31.5,24.6,18.8,-,20.3 - 20.4
591-600,UNIVERSITY OF MONS,Belgium,2019,M,CO,VH,1,B,-,-,-,61.6,33.2,39.9,20.3 - 20.4
601-650,ALTAI STATE UNIVERSITY,Russia,2019,M,FO,HI,3,A,-,-,82.2,-,-,29.3,18.7 - 20.2
601-650,BAR-ILAN UNIVERSITY,Israel,2019,L,FC,HI,4,A,-,-,-,43.6,71.7,-,18.7 - 20.2
601-650,CENTRAL QUEENSLAND UNIVERSITY,Australia,2019,M,CO,HI,3,A,-,-,28.7,-,98.4,94.8,18.7 - 20.2
601-650,CITY UNIVERSITY OF NEW YORK,United States,2019,XL,CO,VH,5,A,30.4,-,-,-,-,-,18.7 - 20.2
601-650,CLARKSON UNIVERSITY,United States,2019,S,CO,VH,5,B,-,-,25.4,55.1,36.6,-,18.7 - 20.2
601-650,IRAN UNIVERSITY OF SCIENCE AND TECHNOLOGY,Iran,2019,L,FO,VH,4,A,-,-,-,80.2,,-,18.7 - 20.2
601-650,JADAVPUR UNIVERSITY,India,2019,M,CO,VH,5,A,-,-,23.6,40.7,,-,18.7 - 20.2
601-650,KAGOSHIMA UNIVERSITY,Japan,2019,M,FC,HI,4,A,-,-,75.4,-,-,-,18.7 - 20.2
601-650,KEELE UNIVERSITY,United Kingdom,2019,M,FC,HI,4,A,-,-,32.4,25,56.2,52.1,18.7 - 20.2
601-650,LANZHOU UNIVERSITY,China,2019,L,CO,VH,5,A,-,-,-,66.6,-,-,18.7 - 20.2
601-650,LEBANESE AMERICAN UNIVERSITY,Lebanon,2019,M,FC,MD,4,B,-,30.7,25.9,-,97.1,52.2,18.7 - 20.2
601-650,LINGNAN UNIVERSITY (HONG KONG),Hong Kong,2019,S,SP,HI,5,A,-,-,28.8,18.4,100,38.9,18.7 - 20.2
601-650,LOBACHEVSKY STATE UNIVERSITY OF NIZHNI NOVGOROD,Russia,2019,L,FO,VH,5,A,-,-,64.7,-,-,14.8,18.7 - 20.2
601-650,NATIONAL CHENGCHI UNIVERSITY,Taiwan,2019,M,CO,HI,4,A,19.5,22,26.1,-,18.3,50.8,18.7 - 20.2
601-650,"NATIONAL TECHNICAL UNIVERSITY OF UKRAINE ""KYIV POLYTECHNIC INSTITUTE""",Ukraine,2019,L,FO,HI,5,A,-,-,61.9,-,-,-,18.7 - 20.2
601-650,OSAKA PREFECTURE UNIVERSITY,Japan,2019,M,CO,VH,4,A,-,-,61,20.2,-,-,18.7 - 20.2
601-650,PHILIPPS-UNIVERSIT?T MARBURG,Germany,2019,L,FC,HI,5,A,-,-,33.4,19.6,26.3,23.7,18.7 - 20.2
601-650,PONTIF?CIA UNIVERSIDADE CAT?LICA DO RIO DE JANEIRO - PUC - RIO,Brazil,2019,L,CO,HI,4,B,28.2,18.7,-,-,20.1,-,18.7 - 20.2
601-650,"RUTGERS - THE STATE UNIVERSITY OF NEW JERSEY, NEWARK",United States,2019,M,CO,HI,4,A,-,-,31.9,-,34.6,22,18.7 - 20.2
601-650,SICHUAN UNIVERSITY,China,2019,XL,FC,VH,4,A,18.2,-,23.5,34.7,-,-,18.7 - 20.2
601-650,SMITH COLLEGE,United States,2019,S,CO,HI,5,B,-,-,68.2,-,-,31.7,18.7 - 20.2
601-650,TALLINN UNIVERSITY OF TECHNOLOGY,Estonia,2019,M,FO,VH,5,A,-,21.3,32.9,-,35,43.4,18.7 - 20.2
601-650,TAYLOR'S UNIVERSITY,Malaysia,2019,M,FO,HI,1,C,-,42.1,24.5,-,48.9,63.4,18.7 - 20.2
601-650,THAMMASAT UNIVERSITY,Thailand,2019,XL,FC,MD,4,A,20.8,24.4,31.2,-,20.9,-,18.7 - 20.2
601-650,UNIVERSIDAD DE SEVILLA,Spain,2019,XL,FC,HI,5,A,33.4,-,-,-,-,-,18.7 - 20.2
601-650,UNIVERSIDAD DEL PAIS VASCO,Spain,2019,XL,CO,HI,3,A,18.5,-,47.6,-,,-,18.7 - 20.2
601-650,UNIVERSIDAD NACIONAL DE LA PLATA,Argentina,2019,XL,FC,HI,5,A,29.9,-,-,-,-,-,18.7 - 20.2
601-650,UNIVERSIDADE FEDERAL DE MINAS GERAIS,Brazil,2019,XL,FC,VH,5,A,31.3,-,-,-,-,-,18.7 - 20.2
601-650,UNIVERSIDADE FEDERAL DO RIO GRANDE DO SUL,Brazil,2019,XL,FC,VH,5,A,29.6,-,-,-,23.5,-,18.7 - 20.2
601-650,UNIVERSIT?T BAYREUTH,Germany,2019,L,CO,VH,3,A,-,-,-,34.2,41.8,21,18.7 - 20.2
601-650,UNIVERSIT?T DUISBURG-ESSEN,Germany,2019,XL,FC,VH,3,A,-,-,-,42.4,28.9,51.3,18.7 - 20.2
601-650,UNIVERSIT?T POTSDAM,Germany,2019,L,FO,VH,3,A,-,-,-,58.2,,23.8,18.7 - 20.2
601-650,UNIVERSIT? CLAUDE BERNARD LYON 1,France,2019,XL,FC,HI,5,A,23.1,-,-,25.5,-,20.1,18.7 - 20.2
601-650,UNIVERSIT? DE FRIBOURG,Switzerland,2019,M,FO,VH,5,A,-,-,-,49.7,,44.7,18.7 - 20.2
601-650,UNIVERSITI UTARA MALAYSIA (UUM),Malaysia,2019,L,SP,VH,3,A,-,-,36.4,-,39.3,72.4,18.7 - 20.2
601-650,UNIVERSITY OF CANBERRA,Australia,2019,M,CO,VH,3,A,-,-,-,29.9,57.8,55.1,18.7 - 20.2
601-650,UNIVERSITY OF DEBRECEN,Hungary,2019,L,FC,HI,5,A,-,-,33.9,-,-,69.3,18.7 - 20.2
601-650,UNIVERSITY OF JORDAN,Jordan,2019,XL,FC,MD,4,A,20.3,36.9,-,-,29,36.3,18.7 - 20.2
601-650,UNIVERSITY OF MANITOBA,Canada,2019,XL,FC,VH,5,A,-,-,43.6,-,,37.6,18.7 - 20.2
601-650,UNIVERSITY OF MILANO-BICOCCA,Italy,2019,XL,CO,VH,2,A,16.7,-,-,55.4,,-,18.7 - 20.2
601-650,UNIVERSITY OF PLYMOUTH,United Kingdom,2019,L,FC,HI,5,A,-,-,-,27.9,55,34.1,18.7 - 20.2
601-650,UNIVERSITY OF PORTSMOUTH,United Kingdom,2019,L,CO,HI,3,A,-,22.2,-,-,77.2,77.4,18.7 - 20.2
601-650,UNIVERSITY OF TAMPERE,Finland,2019,M,CO,VH,4,A,-,-,-,32.5,20,-,18.7 - 20.2
601-650,UNIVERSITY OF ULSTER,United Kingdom,2019,L,CO,HI,3,A,-,19.5,-,20.4,98.6,24.6,18.7 - 20.2
601-650,UNIVERSITY OF WESTMINSTER,United Kingdom,2019,L,CO,HI,3,A,-,-,-,-,87.8,99.9,18.7 - 20.2
601-650,VIRGINIA COMMONWEALTH UNIVERSITY,United States,2019,L,FC,VH,5,A,-,-,51,18.8,17.3,-,18.7 - 20.2
601-650,WARSAW UNIVERSITY OF TECHNOLOGY,Poland,2019,XL,FO,VH,5,A,21.8,44.2,-,-,-,-,18.7 - 20.2
601-650,WORCESTER POLYTECHNIC INSTITUTE,United States,2019,M,CO,VH,5,B,-,-,27,35.8,29.7,66.5,18.7 - 20.2
651-700,AJOU UNIVERSITY,South Korea,2019,M,FC,VH,3,B,-,-,45.8,24.2,-,-,17.2 - 18.6
651-700,ATENEO DE MANILA UNIVERSITY,Philippines,2019,M,FC,MD,5,B,17.7,34.9,31.9,-,-,-,17.2 - 18.6
651-700,BRNO UNIVERSITY OF TECHNOLOGY,Czech Republic,2019,L,FO,VH,5,A,-,36.6,-,-,-,61.4,17.2 - 18.6
651-700,CARLETON UNIVERSITY,Canada,2019,L,CO,VH,4,A,-,-,-,48.5,-,18,17.2 - 18.6
651-700,CHARLES DARWIN UNIVERSITY,Australia,2019,M,CO,HI,2,A,-,-,-,28.2,60.5,97.7,17.2 - 18.6
651-700,CHIANG MAI UNIVERSITY,Thailand,2019,XL,FC,HI,4,A,27.6,-,-,-,-,-,17.2 - 18.6
651-700,CHINA AGRICULTURAL UNIVERSITY,China,2019,L,FC,VH,5,A,-,-,32.2,32.8,-,-,17.2 - 18.6
651-700,CHONNAM NATIONAL UNIVERSITY,South Korea,2019,L,FC,VH,4,A,-,-,48.2,19.8,-,-,17.2 - 18.6
651-700,E.A.BUKETOV KARAGANDA STATE UNIVERSITY,Kazakhstan,2019,M,FO,MD,4,A,-,-,63,-,-,-,17.2 - 18.6
651-700,GIFU UNIVERSITY,Japan,2019,M,FC,HI,4,A,-,-,71.5,-,-,-,17.2 - 18.6
651-700,HOLY SPIRIT UNIVERSITY OF KASLIK,Lebanon,2019,M,FC,LO,4,A,-,-,41.8,-,98.8,38.3,17.2 - 18.6
651-700,INSTITUTO POLIT?CNICO NACIONAL (IPN),Mexico,2019,XL,CO,VH,4,A,19.6,41.7,-,-,-,-,17.2 - 18.6
651-700,INSTITUTO TECNOL?GICO AUTONOMO DE M?XICO (ITAM),Mexico,2019,M,FO,HI,4,B,-,45.9,-,-,61.5,-,17.2 - 18.6
651-700,INTERNATIONAL ISLAMIC UNIVERSITY MALAYSIA (IIUM),Malaysia,2019,L,FC,HI,3,A,-,-,26.6,-,41,67.7,17.2 - 18.6
651-700,ISTANBUL TECHNICAL UNIVERSITY,Turkey,2019,XL,FO,VH,5,A,17,46.7,-,-,-,-,17.2 - 18.6
651-700,JORDAN UNIVERSITY OF SCIENCE AND TECHNOLOGY,Jordan,2019,L,CO,HI,3,A,-,29.5,24,-,-,55.7,17.2 - 18.6
651-700,KAZAKH NATIONAL AGRARIAN UNIVERSITY,Kazakhstan,2019,M,SP,LO,4,A,-,-,59.9,-,21.7,-,17.2 - 18.6
651-700,KAZAKH-BRITISH TECHNICAL UNIVERSITY,Kazakhstan,2019,S,FO,HI,2,A,-,23.4,48.9,-,50.1,-,17.2 - 18.6
651-700,KYUNGPOOK NATIONAL UNIVERSITY,South Korea,2019,L,FC,VH,4,A,-,-,33.7,-,-,-,17.2 - 18.6
651-700,LOUISIANA STATE UNIVERSITY,United States,2019,L,CO,VH,5,A,-,-,-,49.2,-,-,17.2 - 18.6
651-700,MEMORIAL UNIVERSITY OF NEWFOUNDLAND,Canada,2019,L,FC,HI,4,A,-,-,24.7,24.6,38.5,48.8,17.2 - 18.6
651-700,NATIONAL AND KAPODISTRIAN UNIVERSITY OF ATHENS,Greece,2019,XL,FC,VH,5,A,19.9,26.9,-,26,-,21.9,17.2 - 18.6
651-700,NATIONAL CHUNG HSING UNIVERSITY,Taiwan,2019,L,CO,VH,4,A,-,-,-,30,-,-,17.2 - 18.6
651-700,NIIGATA UNIVERSITY,Japan,2019,L,FC,HI,4,A,-,-,65.7,-,-,-,17.2 - 18.6
651-700,PADJADJARAN UNIVERSITY,Indonesia,2019,XL,CO,MD,4,A,-,-,55.5,-,-,-,17.2 - 18.6
651-700,PALACK? UNIVERSITY IN OLOMOUC,Czech Republic,2019,L,CO,VH,5,A,-,-,33.3,-,28.9,19.9,17.2 - 18.6
651-700,SEJONG UNIVERSITY,South Korea,2019,L,CO,HI,4,B,-,25.1,27.8,18.6,19.6,19.5,17.2 - 18.6
651-700,SOUTHERN METHODIST UNIVERSITY,United States,2019,M,CO,VH,5,B,-,-,45,-,-,39.1,17.2 - 18.6
651-700,STEVENS INSTITUTE OF TECHNOLOGY,United States,2019,M,CO,HI,5,B,-,-,-,36.2,39.1,98.8,17.2 - 18.6
651-700,TEMPLE UNIVERSITY,United States,2019,XL,FC,HI,5,A,-,-,28.2,20.6,-,15.1,17.2 - 18.6
651-700,TOKYO METROPOLITAN UNIVERSITY,Japan,2019,M,CO,VH,4,A,-,-,31.4,22.5,-,-,17.2 - 18.6
651-700,UNIVERSIDAD DE CONCEPCI?N,Chile,2019,L,FC,HI,4,B,23.3,29.5,-,-,-,-,17.2 - 18.6
651-700,UNIVERSIDAD TORCUATO DI TELLA,Argentina,2019,S,SP,MD,3,B,-,37.1,29.4,-,23.4,29.5,17.2 - 18.6
651-700,UNIVERSIT? DE LILLE,France,2019,XL,CO,VH,1,A,28.2,-,-,-,23.8,25.9,17.2 - 18.6
651-700,UNIVERSIT? DE SHERBROOKE,Canada,2019,L,FC,HI,4,A,-,-,30.8,19.1,64.5,-,17.2 - 18.6
651-700,UNIVERSIT? NICE SOPHIA-ANTIPOLIS,France,2019,L,FC,HI,4,A,-,-,-,20.9,66.1,60.3,17.2 - 18.6
651-700,UNIVERSITY AT ALBANY SUNY,United States,2019,L,CO,VH,5,A,-,-,-,43.4,20.5,-,17.2 - 18.6
651-700,UNIVERSITY OF BAGHDAD,Iraq,2019,XL,FC,MD,4,A,17.5,-,49.2,-,-,-,17.2 - 18.6
651-700,UNIVERSITY OF CRETE,Greece,2019,L,FC,HI,3,A,-,-,-,44.8,-,-,17.2 - 18.6
651-700,UNIVERSITY OF DENVER,United States,2019,M,CO,VH,5,B,-,-,49.3,20.5,-,-,17.2 - 18.6
651-700,UNIVERSITY OF HAIFA,Israel,2019,L,FO,VH,4,A,-,-,25.7,31.2,,,17.2 - 18.6
651-700,UNIVERSITY OF HOUSTON,United States,2019,XL,CO,VH,4,A,-,-,-,38.7,-,19.3,17.2 - 18.6
651-700,UNIVERSITY OF LJUBLJANA,Slovenia,2019,XL,FC,VH,4,A,-,-,39.5,-,-,-,17.2 - 18.6
651-700,UNIVERSITY OF MINHO,Portugal,2019,L,CO,VH,3,A,-,-,-,24.9,25.4,17.6,17.2 - 18.6
651-700,UNIVERSITY OF SEOUL,South Korea,2019,M,CO,HI,5,A,-,-,43,-,-,-,17.2 - 18.6
651-700,UNIVERSITY OF SHARJAH,United Arab Emirates,2019,L,CO,MD,2,B,-,19.4,-,-,100,100,17.2 - 18.6
651-700,UNIVERSITY OF WINDSOR,Canada,2019,L,CO,HI,5,A,-,-,-,64.1,,48.9,17.2 - 18.6
651-700,UNIVERSITY OF WYOMING,United States,2019,M,CO,VH,5,A,-,-,40.1,30.6,19.4,-,17.2 - 18.6
651-700,VICTORIA UNIVERSITY,Australia,2019,L,CO,HI,5,A,-,-,-,31.1,48.4,66.6,17.2 - 18.6
701-750,ABU DHABI UNIVERSITY,United Arab Emirates,2019,S,FO,HI,2,C,-,-,-,-,100,100,15.4 - 17.1
701-750,AIN SHAMS UNIVERSITY,Egypt,2019,XL,FC,HI,4,A,-,35.8,-,-,23.5,-,15.4 - 17.1
701-750,ALPEN-ADRIA-UNIVERSIT?T KLAGENFURT,Austria,2019,S,FO,VH,3,A,-,-,24.6,-,91.3,66.2,15.4 - 17.1
701-750,BOGOR AGRICULTURAL UNIVERSITY,Indonesia,2019,L,CO,HI,4,A,16.7,-,26.9,-,34.3,-,15.4 - 17.1
701-750,BOURNEMOUTH UNIVERSITY,United Kingdom,2019,L,CO,HI,3,A,-,-,-,-,81.7,51.8,15.4 - 17.1
701-750,CHUNGNAM NATIONAL UNIVERSITY,South Korea,2019,L,FC,HI,4,A,-,-,36,-,-,-,15.4 - 17.1
701-750,CLEMSON UNIVERSITY,United States,2019,L,CO,VH,5,A,-,-,-,30.6,-,-,15.4 - 17.1
701-750,DANKOOK UNIVERSITY,South Korea,2019,L,FC,HI,5,B,-,-,66.6,-,-,-,15.4 - 17.1
701-750,EOTVOS LORAND UNIVERSITY,Hungary,2019,L,FO,VH,5,A,20.8,-,-,-,-,16.8,15.4 - 17.1
701-750,GEORGIA STATE UNIVERSITY,United States,2019,L,CO,VH,5,A,-,-,-,28.3,-,-,15.4 - 17.1
701-750,GUNMA UNIVERSITY,Japan,2019,M,FO,VH,4,A,-,-,46.8,19.5,18.9,-,15.4 - 17.1
701-750,HUNAN UNIVERSITY,China,2019,XL,CO,VH,4,A,-,-,-,47.6,-,-,15.4 - 17.1
701-750,LAHORE UNIVERSITY OF MANAGEMENT SCIENCES (LUMS),Pakistan,2019,S,CO,HI,3,B,-,46,-,-,-,-,15.4 - 17.1
701-750,MAYNOOTH UNIVERSITY,Ireland,2019,M,FO,VH,5,A,-,-,-,18.9,78.7,21.9,15.4 - 17.1
701-750,MISSOURI UNIVERSITY OF SCIENCE AND TECHNOLOGY,United States,2019,M,CO,VH,5,A,-,-,-,46.2,47,31.4,15.4 - 17.1
701-750,"NATIONAL TECHNICAL UNIVERSITY ""KHARKIV POLYTECHNIC INSTITUTE""",Ukraine,2019,L,FO,HI,5,A,-,-,57.3,-,-,-,15.4 - 17.1
701-750,NORTHUMBRIA UNIVERSITY AT NEWCASTLE,United Kingdom,2019,L,CO,HI,3,A,-,21.8,-,-,44.1,44.5,15.4 - 17.1
701-750,SAMARA NATIONAL RESEARCH UNIVERSITY (SAMARA UNIVERSITY),Russia,2019,M,FO,VH,4,A,-,-,60.4,-,-,-,15.4 - 17.1
701-750,SHANGHAI INTERNATIONAL STUDIES UNIVERSITY,China,2019,L,SP,LO,4,A,-,-,43.3,-,38.1,39.9,15.4 - 17.1
701-750,TECHNISCHE UNIVERSIT?T DORTMUND,Germany,2019,XL,CO,VH,4,A,-,31.4,-,-,19.7,16.3,15.4 - 17.1
701-750,TEXAS TECH UNIVERSITY,United States,2019,XL,CO,VH,4,A,-,-,-,18.6,62.3,15.7,15.4 - 17.1
701-750,UNIVERSIDAD ADOLFO IB??EZ,Chile,2019,M,FO,HI,4,B,-,64.6,-,-,47,-,15.4 - 17.1
701-750,UNIVERSIDAD DE ANTIOQUIA,Colombia,2019,XL,FC,HI,5,A,27.8,31.1,-,-,-,-,15.4 - 17.1
701-750,UNIVERSIDAD DE SAN FRANCISCO DE QUITO,Ecuador,2019,M,FC,MD,3,B,-,31.6,-,-,64,-,15.4 - 17.1
701-750,UNIVERSIDAD IBEROAMERICANA (UIA),Mexico,2019,L,FC,LO,4,B,18.1,44.1,-,-,-,-,15.4 - 17.1
701-750,UNIVERSIDADE FEDERAL DE S?O CARLOS,Brazil,2019,L,FC,HI,3,A,-,-,33.8,-,-,-,15.4 - 17.1
701-750,UNIVERSIT? DEGLI STUDI DI FERRARA,Italy,2019,L,FC,HI,5,A,-,-,-,58,-,-,15.4 - 17.1
701-750,UNIVERSIT? DEGLI STUDI DI GENOVA,Italy,2019,L,FC,VH,5,A,17.6,-,-,31.1,-,16.7,15.4 - 17.1
701-750,UNIVERSIT? DEGLI STUDI DI SIENA (UNISI),Italy,2019,M,FC,VH,5,A,-,-,-,32.3,-,-,15.4 - 17.1
701-750,UNIVERSIT? DEGLI STUDI DI TRIESTE (UNITS),Italy,2019,L,FC,HI,4,A,-,-,-,32.3,-,15.2,15.4 - 17.1
701-750,UNIVERSIT?T BIELEFELD,Germany,2019,L,CO,VH,3,A,18.4,-,-,-,21.9,-,15.4 - 17.1
701-750,UNIVERSIT?T D?SSELDORF,Germany,2019,XL,FC,HI,4,A,-,-,-,32.7,,22.2,15.4 - 17.1
701-750,UNIVERSIT?T ROSTOCK,Germany,2019,L,FC,HI,5,A,-,-,-,51.1,,-,15.4 - 17.1
701-750,UNIVERSIT? DE RENNES 1,France,2019,L,CO,VH,5,A,16.5,-,23.9,-,18.3,18.6,15.4 - 17.1
701-750,UNIVERSITI TENAGA NASIONAL (UNITEN),Malaysia,2019,M,SP,HI,2,C,-,-,43.8,-,15,15.2,15.4 - 17.1
701-750,UNIVERSITY OF ALABAMA,United States,2019,XL,CO,VH,5,A,-,20.6,-,37.8,-,-,15.4 - 17.1
701-750,UNIVERSITY OF BRESCIA,Italy,2019,M,FO,VH,3,A,-,-,-,53.5,-,18.2,15.4 - 17.1
701-750,UNIVERSITY OF EAST LONDON,United Kingdom,2019,M,CO,HI,3,A,-,-,-,-,87.1,88.6,15.4 - 17.1
701-750,UNIVERSITY OF GREENWICH,United Kingdom,2019,L,CO,HI,3,A,-,-,-,-,81.5,96.3,15.4 - 17.1
701-750,UNIVERSITY OF HUDDERSFIELD,United Kingdom,2019,L,CO,HI,3,A,-,26.9,-,-,52.4,71.2,15.4 - 17.1
701-750,UNIVERSITY OF KUFA,Iraq,2019,L,FC,MD,3,A,-,-,46.1,-,-,-,15.4 - 17.1
701-750,UNIVERSITY OF PATRAS,Greece,2019,L,FC,HI,4,A,-,-,-,38.1,-,-,15.4 - 17.1
701-750,UNIVERSITY OF P?CS,Hungary,2019,L,FC,HI,5,A,-,-,33.4,-,-,52,15.4 - 17.1
701-750,UNIVERSITY OF TEHRAN,Iran,2019,XL,CO,VH,4,A,17.7,-,-,32.3,-,-,15.4 - 17.1
701-750,UNIVERSITY OF TULSA,United States,2019,S,CO,VH,5,B,-,-,39.7,-,-,75.6,15.4 - 17.1
701-750,VIETNAM NATIONAL UNIVERSITY - HO CHI MINH CITY (VNU-HCM),Vietnam,2019,XL,FO,MD,2,A,16.6,-,41.2,-,-,-,15.4 - 17.1
701-750,YAMAGUCHI UNIVERSITY,Japan,2019,M,FC,HI,4,A,-,-,59.9,-,-,-,15.4 - 17.1
701-750,YOKOHAMA NATIONAL UNIVERSITY,Japan,2019,M,CO,VH,4,A,-,-,33.7,-,-,-,15.4 - 17.1
701-750,ZAYED UNIVERSITY,United Arab Emirates,2019,M,CO,MD,2,A,-,-,30.4,-,100,-,15.4 - 17.1
751-800,AIRLANGGA UNIVERSITY,Indonesia,2019,L,FC,MD,4,A,17,-,26.1,-,-,-,14.3 - 15.3
751-800,ANNA UNIVERSITY,India,2019,L,FO,VH,3,A,-,-,-,42.6,,-,14.3 - 15.3
751-800,BEIJING FOREIGN STUDIES UNIVERSITY,China,2019,M,SP,MD,4,A,-,-,43.2,-,33,31.5,14.3 - 15.3
751-800,BEIJING JIAOTONG UNIVERSITY,China,2019,L,CO,VH,5,A,-,-,25,19,-,-,14.3 - 15.3
751-800,BEIJING UNIVERSITY OF TECHNOLOGY,China,2019,L,CO,VH,4,A,-,-,34.6,17,-,-,14.3 - 15.3
751-800,COMENIUS UNIVERSITY IN BRATISLAVA,Slovakia,2019,L,CO,VH,4,A,-,-,37.3,-,,18.4,14.3 - 15.3
751-800,COMSATS INSTITUTE OF INFORMATION TECHNOLOGY,Pakistan,2019,XL,CO,HI,2,A,-,22.3,36.8,-,-,-,14.3 - 15.3
751-800,DUBLIN INSTITUTE OF TECHNOLOGY (DIT),Ireland,2019,L,CO,HI,3,A,-,-,-,-,46.6,52.3,14.3 - 15.3
751-800,EDITH COWAN UNIVERSITY (ECU),Australia,2019,L,CO,HI,3,A,-,-,-,-,64.6,76.8,14.3 - 15.3
751-800,GERMAN JORDANIAN UNIVERSITY,Jordan,2019,S,FO,HI,2,A,-,-,36.7,-,52,33.1,14.3 - 15.3
751-800,"JAMIA MILLIA ISLAMIA, NEW DELHI",India,2019,M,CO,VH,4,A,-,-,47.4,-,-,-,14.3 - 15.3
751-800,KANSAS STATE UNIVERSITY,United States,2019,L,CO,VH,5,A,-,-,-,21.5,-,-,14.3 - 15.3
751-800,KARAGANDA STATE TECHNICAL UNIVERSITY,Kazakhstan,2019,M,FO,MD,4,A,-,-,58.6,-,-,-,14.3 - 15.3
751-800,KAUNAS UNIVERSITY OF TECHNOLOGY,Lithuania,2019,M,FO,VH,4,A,-,21.2,36.7,-,-,-,14.3 - 15.3
751-800,KENT STATE UNIVERSITY,United States,2019,L,CO,HI,5,A,-,-,-,35.6,21.7,19.7,14.3 - 15.3
751-800,LONDON METROPOLITAN UNIVERSITY,United Kingdom,2019,M,CO,HI,2,A,-,-,-,-,59.5,98.9,14.3 - 15.3
751-800,LONDON SOUTH BANK UNIVERSITY,United Kingdom,2019,M,CO,HI,3,A,-,-,-,-,68,95.1,14.3 - 15.3
751-800,MANIPAL UNIVERSITY,India,2019,L,FC,HI,4,B,-,-,52.3,-,-,-,14.3 - 15.3
751-800,MIDDLESEX UNIVERSITY,United Kingdom,2019,L,CO,HI,3,A,-,-,-,-,84.3,50.7,14.3 - 15.3
751-800,NAGOYA INSTITUTE OF TECHNOLOGY (NIT),Japan,2019,M,SP,VH,5,A,-,-,-,45.4,-,-,14.3 - 15.3
751-800,NATIONAL UNIVERSITY LVIV POLYTECHNIC,Ukraine,2019,L,CO,HI,5,A,-,-,50.1,-,-,-,14.3 - 15.3
751-800,NEW JERSEY INSTITUTE OF TECHNOLOGY (NJIT),United States,2019,M,CO,VH,5,A,-,-,-,23.8,20.9,67.3,14.3 - 15.3
751-800,OKLAHOMA STATE UNIVERSITY,United States,2019,L,CO,VH,5,A,-,-,-,22,33.5,-,14.3 - 15.3
751-800,PARIS LODRON UNIVERSIT?T SALZBURG,Austria,2019,L,CO,HI,5,A,-,-,-,-,,97.3,14.3 - 15.3
751-800,PONTIFICIA UNIVERSIDAD CAT?LICA DE VALPARA?SO,Chile,2019,L,FC,MD,4,B,20.5,28.1,-,-,-,-,14.3 - 15.3
751-800,RIGA TECHNICAL UNIVERSITY,Latvia,2019,M,CO,VH,5,A,-,23.9,26.8,-,15.9,28.7,14.3 - 15.3
751-800,SLOVAK UNIVERSITY OF TECHNOLOGY IN BRATISLAVA,Slovakia,2019,L,FO,VH,4,A,-,-,47.1,-,-,-,14.3 - 15.3
751-800,SOPHIA UNIVERSITY,Japan,2019,L,CO,HI,5,B,-,18.9,24.7,-,34.7,22.8,14.3 - 15.3
751-800,SUMY STATE UNIVERSITY,Ukraine,2019,M,CO,HI,3,A,-,-,48.3,-,-,34.2,14.3 - 15.3
751-800,TOKYO UNIVERSITY OF SCIENCE,Japan,2019,L,FO,VH,4,B,-,-,-,24.8,-,-,14.3 - 15.3
751-800,UNIVERSIDAD AUT?NOMA METROPOLITANA (UAM),Mexico,2019,XL,FC,HI,3,A,22.4,18,-,-,-,-,14.3 - 15.3
751-800,UNIVERSIDAD CENTRAL DE VENEZUELA (UCV),Venezuela,2019,XL,FC,MD,5,A,18.8,31.1,-,-,-,-,14.3 - 15.3
751-800,UNIVERSIDAD DE GUADALAJARA (UDG),Mexico,2019,XL,FC,MD,5,A,17.9,-,28.8,-,-,-,14.3 - 15.3
751-800,UNIVERSIDAD DE LAS AM?RICAS PUEBLA (UDLAP),Mexico,2019,M,FC,MD,4,B,-,19.5,31.4,-,47.9,-,14.3 - 15.3
751-800,UNIVERSIDAD NACIONAL COSTA RICA,Costa Rica,2019,L,CO,MD,3,A,-,24.3,32.9,-,-,-,14.3 - 15.3
751-800,UNIVERSIDAD PANAMERICANA (UP),Mexico,2019,M,FO,MD,4,B,-,19.7,45.5,-,-,-,14.3 - 15.3
751-800,"UNIVERSIDADE CAT?LICA PORTUGUESA, LISBOA",Portugal,2019,M,FC,MD,3,B,-,26.8,-,-,-,20.4,14.3 - 15.3
751-800,UNIVERSIDADE DE BRAS?LIA,Brazil,2019,XL,FC,HI,4,A,22.5,-,-,-,-,-,14.3 - 15.3
751-800,UNIVERSIDADE FEDERAL DE SANTA CATARINA,Brazil,2019,XL,FC,HI,4,A,18.8,-,24.1,-,-,-,14.3 - 15.3
751-800,UNIVERSIT? CA' FOSCARI VENEZIA,Italy,2019,L,FO,VH,5,A,-,23.3,-,21.2,24.3,-,14.3 - 15.3
751-800,UNIVERSIT? DEGLI STUDI DI PERUGIA,Italy,2019,L,FC,HI,5,A,-,-,-,44.2,-,-,14.3 - 15.3
751-800,UNIVERSITI TEKNOLOGI MARA (UITM),Malaysia,2019,XL,CO,VH,4,A,18.1,26.3,-,-,-,-,14.3 - 15.3
751-800,UNIVERSITY OF BRIGHTON,United Kingdom,2019,L,CO,HI,3,A,-,-,-,-,61.7,61.9,14.3 - 15.3
751-800,UNIVERSITY OF CENTRAL FLORIDA,United States,2019,XL,FC,HI,4,A,-,-,-,25.7,16.1,-,14.3 - 15.3
751-800,UNIVERSITY OF ELECTRONIC SCIENCE AND TECHNOLOGY OF CHINA,China,2019,XL,CO,VH,4,A,-,-,34.2,22.7,25.1,-,14.3 - 15.3
751-800,UNIVERSITY OF HERTFORDSHIRE,United Kingdom,2019,L,CO,HI,3,A,-,-,-,-,59.3,79.1,14.3 - 15.3
751-800,UNIVERSITY OF KWAZULU-NATAL,South Africa,2019,XL,FC,HI,3,A,-,-,-,20.1,49.2,-,14.3 - 15.3
751-800,UNIVERSITY OF NEW HAMPSHIRE,United States,2019,L,CO,HI,5,A,-,-,26.7,30.3,-,-,14.3 - 15.3
751-800,UNIVERSITY OF SALFORD,United Kingdom,2019,L,CO,HI,4,A,-,-,-,-,31.2,68.6,14.3 - 15.3
751-800,UNIVERSITY OF SOUTHERN QUEENSLAND,Australia,2019,L,CO,HI,4,A,-,-,-,21.4,71.5,20.7,14.3 - 15.3
  801-1000,ADAM MICKIEWICZ UNIVERSITY,Poland,2019,XL,CO,HI,4,A,-,-,23.5,-,-,-,7.2 - 14.2
  801-1000,AGH UNIVERSITY OF SCIENCE AND TECHNOLOGY,Poland,2019,L,CO,VH,5,A,-,-,35,-,,-,7.2 - 14.2
  801-1000,AJMAN UNIVERSITY,United Arab Emirates,2019,M,CO,MD,3,C,-,-,-,-,100,100,7.2 - 14.2
  801-1000,AL AKHAWAYN UNIVERSITY IFRANE,Morocco,2019,S,FO,HI,3,A,-,-,-,-,90.9,-,7.2 - 14.2
  801-1000,AL AZHAR UNIVERSITY,Egypt,2019,XL,CO,HI,3,A,-,-,-,-,,31.8,7.2 - 14.2
  801-1000,ALEXANDRIA UNIVERSITY,Egypt,2019,XL,FC,HI,4,A,-,32.9,-,-,-,-,7.2 - 14.2
  801-1000,ALEXANDRU IOAN CUZA UNIVERSITY,Romania,2019,L,FO,VH,5,A,-,-,-,-,-,-,7.2 - 14.2
  801-1000,"ALIGARH MUSLIM UNIVERSITY (AMU), ALIGARH",India,2019,L,CO,HI,5,A,-,-,32.8,-,,-,7.2 - 14.2
  801-1000,AL-IMAM MOHAMED IBN SAUD ISLAMIC UNIVERSITY,Saudi Arabia,2019,XL,CO,MD,4,A,-,-,-,-,90.1,-,7.2 - 14.2
  801-1000,AMITY UNIVERSITY,India,2019,L,CO,HI,2,B,-,-,-,-,-,23.1,7.2 - 14.2
  801-1000,AMRITA UNIVERSITY,India,2019,L,FC,HI,2,B,-,-,35.5,-,51.4,-,7.2 - 14.2
  801-1000,ANKARA ?NIVERSITESI,Turkey,2019,XL,FC,HI,4,A,-,-,-,-,-,-,7.2 - 14.2
  801-1000,AOYAMA GAKUIN UNIVERSITY,Japan,2019,L,CO,MD,4,B,-,-,-,-,-,-,7.2 - 14.2
  801-1000,ASSIUT UNIVERSITY,Egypt,2019,XL,FC,HI,4,A,-,-,23.8,-,,-,7.2 - 14.2
  801-1000,ATHENS UNIVERSITY OF ECONOMICS AND BUSINESS,Greece,2019,M,FO,VH,4,A,-,32.2,-,17.8,-,-,7.2 - 14.2
  801-1000,AUBURN UNIVERSITY,United States,2019,L,CO,VH,5,A,-,-,-,22.1,-,15.7,7.2 - 14.2
  801-1000,AUSTRALIAN CATHOLIC UNIVERSITY,Australia,2019,L,CO,HI,3,A,-,-,-,-,34.3,33.6,7.2 - 14.2
  801-1000,BABES-BOLYAI UNIVERSITY,Romania,2019,XL,CO,HI,5,A,-,-,-,-,-,-,7.2 - 14.2
  801-1000,BAKU STATE UNIVERSITY,Azerbaijan,2019,L,FO,HI,4,A,-,-,38.4,-,-,-,7.2 - 14.2
  801-1000,BANARAS HINDU UNIVERSITY,India,2019,L,FC,HI,5,A,-,-,-,18.8,-,-,7.2 - 14.2
  801-1000,BANGLADESH UNIVERSITY OF ENGINEERING AND TECHNOLOGY,Bangladesh,2019,M,SP,HI,3,A,-,32.3,-,-,,-,7.2 - 14.2
  801-1000,BAYLOR UNIVERSITY,United States,2019,L,CO,HI,5,B,-,-,-,16.9,-,-,7.2 - 14.2
  801-1000,BELARUSIAN NATIONAL TECHNICAL UNIVERSITY,Belarus,2019,L,SP,LO,4,A,-,20.3,39,-,-,-,7.2 - 14.2
  801-1000,BENEM?RITA UNIVERSIDAD AUT?NOMA DE PUEBLA,Mexico,2019,XL,FC,MD,5,A,-,-,-,-,-,-,7.2 - 14.2
  801-1000,BINGHAMTON UNIVERSITY SUNY,United States,2019,L,CO,HI,4,A,-,-,-,25.2,15.3,36.8,7.2 - 14.2
  801-1000,BIRLA INSTITUTE OF TECHNOLOGY AND SCIENCE,India,2019,M,CO,VH,5,B,-,-,-,-,-,-,7.2 - 14.2
  801-1000,BIRZEIT UNIVERSITY,Palestinian Territory,2019,L,CO,MD,4,B,-,-,-,-,15.3,-,7.2 - 14.2
  801-1000,BRIGHAM YOUNG UNIVERSITY,United States,2019,XL,CO,VH,5,B,-,26.3,-,23.3,-,-,7.2 - 14.2
  801-1000,BUDAPEST UNIVERSITY OF TECHNOLOGY AND ECONOMICS,Hungary,2019,L,FO,VH,5,A,-,20.4,-,-,-,-,7.2 - 14.2
  801-1000,CENTRAL SOUTH UNIVERSITY,China,2019,XL,FC,VH,2,A,-,-,-,36.2,-,-,7.2 - 14.2
  801-1000,CHARLES STURT UNIVERSITY,Australia,2019,L,CO,HI,5,A,-,-,-,-,19.3,67,7.2 - 14.2
  801-1000,CHONGQING UNIVERSITY,China,2019,XL,CO,VH,4,A,-,-,-,29.7,-,-,7.2 - 14.2
  801-1000,CORVINUS UNIVERSITY OF BUDAPEST,Hungary,2019,M,FO,VH,5,A,-,25.9,-,-,,34.1,7.2 - 14.2
  801-1000,CRACOW UNIVERSITY OF TECHNOLOGY,Poland,2019,L,FO,HI,4,A,-,-,32.8,-,,,7.2 - 14.2
  801-1000,DE LA SALLE UNIVERSITY,Philippines,2019,L,CO,MD,5,B,-,31.4,-,-,-,-,7.2 - 14.2
  801-1000,DIPONEGORO UNIVERSITY,Indonesia,2019,XL,FC,MD,4,A,-,-,-,-,-,-,7.2 - 14.2
  801-1000,DOSHISHA UNIVERSITY,Japan,2019,L,CO,HI,5,B,-,-,-,-,23.7,-,7.2 - 14.2
  801-1000,EDINBURGH NAPIER UNIVERSITY,United Kingdom,2019,M,CO,HI,3,A,-,-,-,-,41.7,92.5,7.2 - 14.2
  801-1000,ESCUELA SUPERIOR POLIT?CNICA DEL LITORAL - ESPOL,Ecuador,2019,M,FO,HI,4,A,-,26,27.1,-,18.1,-,7.2 - 14.2
  801-1000,FENG CHIA UNIVERSITY,Taiwan,2019,L,FO,VH,4,C,-,-,-,-,-,15.8,7.2 - 14.2
  801-1000,FLORIDA INTERNATIONAL UNIVERSITY,United States,2019,XL,CO,VH,4,A,-,-,-,20.8,21.1,16.4,7.2 - 14.2
  801-1000,FORDHAM UNIVERSITY,United States,2019,L,CO,HI,5,B,-,-,26.7,-,32.7,35.1,7.2 - 14.2
  801-1000,FU JEN CATHOLIC UNIVERSITY,Taiwan,2019,L,FC,HI,4,B,-,-,-,-,-,-,7.2 - 14.2
  801-1000,GAZI ?NIVERSITESI,Turkey,2019,XL,CO,VH,4,A,-,-,-,-,-,-,7.2 - 14.2
  801-1000,GEORGE MASON UNIVERSITY,United States,2019,L,CO,VH,3,A,-,-,-,21,-,16.1,7.2 - 14.2
  801-1000,HACETTEPE UNIVERSITY,Turkey,2019,XL,FC,HI,4,A,-,-,-,-,-,-,7.2 - 14.2
  801-1000,ISTANBUL UNIVERSITY,Turkey,2019,XL,FC,HI,5,A,17,18.6,-,-,-,-,7.2 - 14.2
  801-1000,KASETSART UNIVERSITY,Thailand,2019,XL,CO,HI,4,A,21.9,-,-,-,-,-,7.2 - 14.2
  801-1000,KAZAKH ABLAI KHAN UNIVERSITY OF INTERNATIONAL RELATIONS AND WORLD LANGUAGES,Kazakhstan,2019,M,SP,LO,4,A,-,-,48.7,-,-,-,7.2 - 14.2
  801-1000,KHON KAEN UNIVERSITY,Thailand,2019,XL,FC,HI,4,A,-,-,-,-,-,-,7.2 - 14.2
  801-1000,KING FAISAL UNIVERSITY,Saudi Arabia,2019,XL,FO,HI,3,A,-,-,-,-,100,-,7.2 - 14.2
  801-1000,KING MONGKUT'S UNIVERSITY OF TECHNOLOGY THONBURI,Thailand,2019,L,CO,HI,4,A,-,-,-,-,-,-,7.2 - 14.2
  801-1000,KUWAIT UNIVERSITY,Kuwait,2019,XL,FC,MD,4,A,-,-,-,-,56.4,35,7.2 - 14.2
  801-1000,KYOTO INSTITUTE OF TECHNOLOGY,Japan,2019,S,FO,VH,4,A,-,-,29,16.6,-,-,7.2 - 14.2
  801-1000,KYUSHU INSTITUTE OF TECHNOLOGY,Japan,2019,M,FO,VH,5,A,-,-,-,25.3,15,-,7.2 - 14.2
  801-1000,LODZ UNIVERSITY OF TECHNOLOGY,Poland,2019,L,CO,HI,4,A,-,-,35.6,-,-,-,7.2 - 14.2
  801-1000,LOYOLA UNIVERSITY CHICAGO,United States,2019,L,FC,HI,5,B,-,-,31.1,-,-,-,7.2 - 14.2
  801-1000,MANCHESTER METROPOLITAN UNIVERSITY,United Kingdom,2019,L,CO,HI,3,A,-,-,-,-,40.4,37,7.2 - 14.2
  801-1000,MARQUETTE UNIVERSITY,United States,2019,M,CO,VH,5,B,-,-,31.4,-,-,-,7.2 - 14.2
  801-1000,MEIJI UNIVERSITY,Japan,2019,XL,CO,HI,5,C,-,-,-,-,-,-,7.2 - 14.2
  801-1000,MIAMI UNIVERSITY,United States,2019,L,CO,HI,5,A,-,-,-,-,-,27.2,7.2 - 14.2
  801-1000,MULTIMEDIA UNIVERSITY (MMU),Malaysia,2019,M,SP,HI,2,C,-,-,-,-,24.6,22.7,7.2 - 14.2
  801-1000,MUSTANSIRIYAH UNIVERSITY,Iraq,2019,XL,FC,LO,4,A,-,-,30.8,-,-,-,7.2 - 14.2
  801-1000,NATIONAL CHUNG CHENG UNIVERSITY,Taiwan,2019,M,CO,VH,3,A,-,-,-,20.1,-,-,7.2 - 14.2
  801-1000,NICOLAUS COPERNICUS UNIVERSITY,Poland,2019,L,FC,HI,4,A,-,-,37.5,-,-,-,7.2 - 14.2
  801-1000,NORTH-WEST UNIVERSITY,South Africa,2019,XL,CO,HI,2,A,-,-,-,-,-,-,7.2 - 14.2
  801-1000,NOTRE DAME UNIVERSITY - LOUAIZE (NDU),Lebanon,2019,M,CO,MD,3,B,-,-,-,-,77.5,16.4,7.2 - 14.2
  801-1000,NOTTINGHAM TRENT UNIVERSITY,United Kingdom,2019,L,CO,HI,3,A,-,30.6,-,-,47.8,26.5,7.2 - 14.2
  801-1000,NOVOSIBIRSK STATE TECHNICAL UNIVERSITY,Russia,2019,L,FO,HI,4,A,-,-,-,-,-,44.7,7.2 - 14.2
  801-1000,OCHANOMIZU UNIVERSITY,Japan,2019,S,CO,HI,5,A,-,-,-,-,-,-,7.2 - 14.2
  801-1000,OHIO UNIVERSITY,United States,2019,L,CO,HI,5,A,-,-,-,-,-,-,7.2 - 14.2
  801-1000,PLEKHANOV RUSSIAN UNIVERSITY OF ECONOMICS,Russia,2019,L,SP,LO,5,A,-,19.3,40.6,-,-,18.3,7.2 - 14.2
  801-1000,PONTIFICIA UNIVERSIDAD CAT?LICA DEL ECUADOR,Ecuador,2019,L,FC,LO,4,B,-,-,33,-,17.9,-,7.2 - 14.2
  801-1000,PONTIF?CIA UNIVERSIDADE CAT?LICA DO RIO GRANDE DO SUL,Brazil,2019,M,FC,HI,4,B,-,-,-,-,-,-,7.2 - 14.2
  801-1000,POZNAN UNIVERSITY OF TECHNOLOGY,Poland,2019,L,FO,VH,4,A,-,-,-,-,,,7.2 - 14.2
  801-1000,PRINCE OF SONGKLA UNIVERSITY,Thailand,2019,XL,FC,HI,4,A,16.9,-,-,-,-,-,7.2 - 14.2
  801-1000,RHODES UNIVERSITY,South Africa,2019,M,CO,VH,5,A,-,-,-,23.9,,51.6,7.2 - 14.2
  801-1000,RIGA STRADINS UNIVERSITY,Latvia,2019,M,FO,HI,4,A,-,-,-,-,-,78.5,7.2 - 14.2
  801-1000,RITSUMEIKAN UNIVERSITY,Japan,2019,XL,CO,HI,5,B,-,22.3,-,-,34.6,-,7.2 - 14.2
  801-1000,RYERSON UNIVERSITY,Canada,2019,XL,CO,HI,4,A,-,23,-,32.1,,-,7.2 - 14.2
  801-1000,SAITAMA UNIVERSITY,Japan,2019,M,CO,VH,4,A,-,-,27.5,21.6,15.2,-,7.2 - 14.2
  801-1000,SAN DIEGO STATE UNIVERSITY,United States,2019,XL,CO,HI,5,A,-,-,-,28.4,-,-,7.2 - 14.2
  801-1000,SAVITRIBAI PHULE PUNE UNIVERSITY,India,2019,M,CO,HI,4,A,-,-,25.8,-,,-,7.2 - 14.2
  801-1000,SEOUL NATIONAL UNIVERSITY OF SCIENCE AND TECHNOLOGY,South Korea,2019,M,FO,VH,5,A,-,-,-,-,-,-,7.2 - 14.2
  801-1000,SEPULUH NOPEMBER INSTITUTE OF TECHNOLOGY,Indonesia,2019,L,SP,MD,4,A,-,-,-,-,31.3,-,7.2 - 14.2
  801-1000,SHAHID BEHESHTI UNIVERSITY TEHRAN,Iran,2019,L,FO,VH,4,A,-,-,-,21.9,-,-,7.2 - 14.2
  801-1000,SHINSHU UNIVERSITY,Japan,2019,M,FC,VH,4,A,-,-,35.3,18.9,-,-,7.2 - 14.2
  801-1000,SHIRAZ UNIVERSITY,Iran,2019,L,CO,VH,4,A,-,-,-,35.2,,-,7.2 - 14.2
  801-1000,SIBERIAN FEDERAL UNIVERSITY,Russia,2019,L,CO,HI,2,A,-,-,-,-,-,-,7.2 - 14.2
  801-1000,"SOFIA UNIVERSITY ""ST. KLIMENT OHRIDSKI""",Bulgaria,2019,L,CO,HI,5,A,-,18.3,35.2,-,-,-,7.2 - 14.2
  801-1000,SOUTH URAL STATE UNIVERSITY,Russia,2019,L,CO,HI,4,A,-,-,46.8,-,-,20.7,7.2 - 14.2
  801-1000,SOUTHERN CROSS UNIVERSITY,Australia,2019,M,CO,HI,2,A,-,-,-,30.7,31.7,59.6,7.2 - 14.2
  801-1000,TALLINN UNIVERSITY,Estonia,2019,M,FO,HI,2,A,-,-,-,-,64.1,17.5,7.2 - 14.2
  801-1000,TECHNICAL UNIVERSITY OF KOSICE,Slovakia,2019,M,FO,VH,4,A,-,,39,-,-,-,7.2 - 14.2
  801-1000,TECNOL?GICO DE COSTA RICA -TEC,Costa Rica,2019,M,FO,MD,3,A,-,20.5,35.4,-,-,-,7.2 - 14.2
  801-1000,THAPAR UNIVERSITY,India,2019,M,FO,VH,4,A,-,-,-,18.9,-,-,7.2 - 14.2
  801-1000,THE ROBERT GORDON UNIVERSITY,United Kingdom,2019,M,CO,HI,3,A,-,-,-,-,53.1,67.6,7.2 - 14.2
  801-1000,TOKAI UNIVERSITY,Japan,2019,L,FC,HI,4,B,-,-,-,-,-,-,7.2 - 14.2
  801-1000,UNIVERSIDAD AUSTRAL DE CHILE,Chile,2019,L,FC,MD,4,B,-,-,-,-,19.1,-,7.2 - 14.2
  801-1000,UNIVERSIDAD AUT?NOMA DE NUEVO LE?N (UANL),Mexico,2019,XL,FC,MD,4,A,16.6,-,-,-,-,-,7.2 - 14.2
  801-1000,UNIVERSIDAD AUT?NOMA DEL ESTADO DE M?XICO,Mexico,2019,XL,FC,MD,5,A,18.7,-,-,-,-,-,7.2 - 14.2
  801-1000,UNIVERSIDAD CAT?LICA ANDR?S BELLO - UCAB,Venezuela,2019,L,FO,LO,4,B,17.8,51.1,-,-,-,-,7.2 - 14.2
  801-1000,UNIVERSIDAD DE CASTILLA-LA MANCHA,Spain,2019,L,FC,HI,3,A,-,-,25.6,-,-,-,7.2 - 14.2
  801-1000,UNIVERSIDAD DE LA REP?BLICA (UDELAR),Uruguay,2019,XL,FC,HI,5,A,-,-,24.4,-,-,-,7.2 - 14.2
  801-1000,UNIVERSIDAD DE LA SABANA,Colombia,2019,L,FC,MD,3,B,-,35.8,-,-,-,-,7.2 - 14.2
  801-1000,UNIVERSIDAD DE LOS ANDES M?RIDA,Venezuela,2019,XL,FC,MD,5,A,-,-,-,-,-,-,7.2 - 14.2
  801-1000,UNIVERSIDAD DE MONTERREY,Mexico,2019,M,FC,LO,3,A,-,-,-,-,15.8,-,7.2 - 14.2
  801-1000,UNIVERSIDAD DE MURCIA,Spain,2019,L,FC,HI,5,A,-,-,-,-,-,-,7.2 - 14.2
  801-1000,UNIVERSIDAD DE OVIEDO,Spain,2019,L,CO,VH,5,A,-,-,-,16.9,,-,7.2 - 14.2
  801-1000,UNIVERSIDAD DE PUERTO RICO,Puerto Rico,2019,XL,FC,HI,5,A,-,-,-,-,-,-,7.2 - 14.2
  801-1000,UNIVERSIDAD DE TALCA,Chile,2019,M,CO,HI,3,A,-,-,-,-,25.1,-,7.2 - 14.2
  801-1000,UNIVERSIDAD DE VALPARA?SO,Chile,2019,L,FC,MD,3,A,-,-,-,-,-,-,7.2 - 14.2
  801-1000,UNIVERSIDAD DEL NORTE,Colombia,2019,L,FC,MD,4,B,-,-,-,-,-,-,7.2 - 14.2
  801-1000,UNIVERSIDAD DEL ROSARIO,Colombia,2019,M,CO,HI,5,B,-,25.8,-,-,19.1,-,7.2 - 14.2
  801-1000,UNIVERSIDAD DEL VALLE,Colombia,2019,L,FC,MD,4,A,19,-,-,-,-,-,7.2 - 14.2
  801-1000,UNIVERSIDAD DIEGO PORTALES,Chile,2019,L,FC,MD,3,B,-,30.1,-,-,18.2,-,7.2 - 14.2
  801-1000,UNIVERSIDAD EAFIT,Colombia,2019,L,CO,MD,4,B,-,62.5,-,-,,-,7.2 - 14.2
  801-1000,UNIVERSIDAD INDUSTRIAL DE SANTANDER,Colombia,2019,L,FC,MD,4,A,-,-,-,-,-,-,7.2 - 14.2
  801-1000,UNIVERSIDAD LATINOAMERICANA DE CIENCIA Y TECNOLOG?A COSTA RICA (ULACIT),Costa Rica,2019,S,CO,LO,3,B,-,-,26,-,-,-,7.2 - 14.2
  801-1000,UNIVERSIDAD METROPOLITANA,Venezuela,2019,M,CO,LO,3,B,-,19.1,-,-,15.4,-,7.2 - 14.2
  801-1000,UNIVERSIDAD NACIONAL DE C?RDOBA,Argentina,2019,XL,CO,HI,5,A,22.3,-,-,-,-,-,7.2 - 14.2
  801-1000,UNIVERSIDAD NACIONAL DE CUYO,Argentina,2019,XL,FC,MD,4,A,-,-,-,-,-,16.4,7.2 - 14.2
  801-1000,UNIVERSIDAD NACIONAL DE MAR DEL PLATA,Argentina,2019,L,CO,HI,3,A,-,-,37.7,-,,,7.2 - 14.2
  801-1000,UNIVERSIDAD NACIONAL DE ROSARIO,Argentina,2019,XL,FC,MD,4,A,18.4,-,-,-,,,7.2 - 14.2
  801-1000,UNIVERSIDAD NACIONAL DEL LITORAL,Argentina,2019,XL,FC,MD,4,A,-,-,-,-,,-,7.2 - 14.2
  801-1000,UNIVERSIDAD NACIONAL MAYOR DE SAN MARCOS,Peru,2019,XL,FC,MD,5,A,18,-,-,-,-,-,7.2 - 14.2
  801-1000,UNIVERSIDAD PERUANA CAYETANO HEREDIA,Peru,2019,M,FO,VH,4,B,-,-,-,-,40.3,-,7.2 - 14.2
  801-1000,UNIVERSIDAD REY JUAN CARLOS,Spain,2019,XL,CO,HI,2,A,-,22.3,-,-,-,16.9,7.2 - 14.2
  801-1000,UNIVERSIDAD SIM?N BOL?VAR VENEZUELA,Venezuela,2019,M,FO,VH,4,A,-,21.6,-,-,,-,7.2 - 14.2
  801-1000,UNIVERSIDAD T?CNICA FEDERICO SANTA MAR?A,Chile,2019,L,FO,HI,4,B,-,33,-,-,20.7,-,7.2 - 14.2
  801-1000,UNIVERSIDAD TECNOL?GICA DE PANAM? (UTP),Panama,2019,L,CO,LO,3,A,-,28.6,-,-,-,-,7.2 - 14.2
  801-1000,UNIVERSIDAD TECNOL?GICA NACIONAL (UTN),Argentina,2019,XL,FO,MD,4,A,-,28.9,35.5,-,,,7.2 - 14.2
  801-1000,UNIVERSIDADE DA CORU?A,Spain,2019,L,CO,HI,3,A,-,-,41.1,-,-,-,7.2 - 14.2
  801-1000,UNIVERSIDADE DE VIGO,Spain,2019,L,CO,VH,3,A,-,-,-,22.8,-,-,7.2 - 14.2
  801-1000,UNIVERSIDADE DO ESTADO DO RIO DE JANEIRO (UERJ),Brazil,2019,XL,FC,HI,4,A,-,-,28.2,-,-,-,7.2 - 14.2
  801-1000,UNIVERSIDADE ESTADUAL DE LONDRINA,Brazil,2019,L,FC,HI,3,A,-,-,44.4,-,-,-,7.2 - 14.2
  801-1000,UNIVERSIDADE FEDERAL DA BAHIA,Brazil,2019,L,FC,HI,4,A,-,-,-,-,-,-,7.2 - 14.2
  801-1000,UNIVERSIDADE FEDERAL DE SANTA MARIA,Brazil,2019,L,FC,HI,4,A,-,-,-,-,-,-,7.2 - 14.2
  801-1000,UNIVERSIDADE FEDERAL DE VI?OSA,Brazil,2019,L,FC,HI,4,A,-,-,24.5,-,-,-,7.2 - 14.2
  801-1000,UNIVERSIDADE FEDERAL DO CEAR? (UFC),Brazil,2019,L,FC,HI,4,A,-,-,-,-,-,-,7.2 - 14.2
  801-1000,UNIVERSIDADE FEDERAL DO PARAN? (UFPR),Brazil,2019,XL,FC,HI,5,A,-,-,-,-,-,-,7.2 - 14.2
  801-1000,UNIVERSIDADE FEDERAL DO PERNAMBUCO,Brazil,2019,XL,FC,HI,4,A,-,-,28.8,-,-,-,7.2 - 14.2
  801-1000,UNIVERSIDADE FEDERAL FLUMINENSE,Brazil,2019,XL,FC,HI,4,A,-,-,37.3,-,-,-,7.2 - 14.2
  801-1000,UNIVERSIT? DEGLI STUDI DI CATANIA (UNICT),Italy,2019,L,FC,VH,5,A,-,-,-,29.9,-,-,7.2 - 14.2
  801-1000,UNIVERSIT? DEGLI STUDI DI MODENA E REGGIO EMILIA,Italy,2019,L,FC,HI,5,A,-,-,-,33.8,-,-,7.2 - 14.2
  801-1000,UNIVERSIT? DEGLI STUDI ROMA TRE,Italy,2019,XL,CO,HI,3,A,16.8,-,-,21.4,-,-,7.2 - 14.2
  801-1000,UNIVERSIT?? DEGLI STUDI DI PALERMO,Italy,2019,L,CO,VH,5,A,-,-,-,22.7,-,-,7.2 - 14.2
  801-1000,UNIVERSIT? DE CAEN BASSE-NORMANDIE,France,2019,L,FC,HI,5,A,-,-,-,-,-,-,7.2 - 14.2
  801-1000,UNIVERSIT? DE CERGY-PONTOISE,France,2019,L,CO,HI,3,A,-,,-,-,30.3,31.9,7.2 - 14.2
  801-1000,UNIVERSIT? DE LORRAINE,France,2019,XL,CO,MD,5,A,16.6,-,-,-,14.7,40.2,7.2 - 14.2
  801-1000,UNIVERSIT? DE NANTES,France,2019,XL,CO,VH,5,A,-,-,-,-,20.2,23.6,7.2 - 14.2
  801-1000,UNIVERSIT? DE POITIERS,France,2019,L,CO,HI,5,A,-,-,-,-,,40.5,7.2 - 14.2
  801-1000,UNIVERSIT? JEAN MOULIN LYON 3,France,2019,L,SP,MD,5,A,-,-,-,-,26,41.4,7.2 - 14.2
  801-1000,UNIVERSIT? LUMI?RE LYON 2,France,2019,L,SP,HI,5,A,-,-,-,-,26,23.9,7.2 - 14.2
  801-1000,UNIVERSIT? PARIS OUEST NANTERRE LA D?FENSE,France,2019,XL,FO,HI,5,A,-,-,-,-,-,20.1,7.2 - 14.2
  801-1000,UNIVERSIT? PAUL-VAL?RY MONTPELLIER 3,France,2019,L,FO,MD,5,A,-,-,-,-,20.5,80.5,7.2 - 14.2
  801-1000,"UNIVERSIT? TOULOUSE 1, CAPITOLE",France,2019,L,FO,MD,5,A,-,-,-,-,43.1,65.3,7.2 - 14.2
  801-1000,UNIVERSITY OF ARKANSAS,United States,2019,L,CO,HI,5,A,-,-,-,18.5,-,-,7.2 - 14.2
  801-1000,UNIVERSITY OF BABYLON,Iraq,2019,L,FC,MD,3,A,-,-,30.5,-,,,7.2 - 14.2
  801-1000,UNIVERSITY OF BAHRAIN,Bahrain,2019,L,CO,MD,3,A,-,23.1,-,-,98.1,23.1,7.2 - 14.2
  801-1000,UNIVERSITY OF BARI,Italy,2019,L,FC,HI,4,A,-,-,-,22.9,-,-,7.2 - 14.2
  801-1000,UNIVERSITY OF BELGRADE,Serbia,2019,XL,FC,VH,5,A,-,-,-,-,-,-,7.2 - 14.2
  801-1000,UNIVERSITY OF BRAWIJAYA,Indonesia,2019,XL,FC,MD,4,A,-,-,-,-,-,-,7.2 - 14.2
  801-1000,UNIVERSITY OF BUCHAREST,Romania,2019,XL,FO,VH,5,A,17,-,-,-,-,-,7.2 - 14.2
  801-1000,UNIVERSITY OF CALCUTTA,India,2019,L,CO,VH,5,A,-,-,-,24.8,,,7.2 - 14.2
  801-1000,UNIVERSITY OF CENTRAL LANCASHIRE,United Kingdom,2019,L,CO,HI,3,A,-,-,-,-,36.2,48.9,7.2 - 14.2
  801-1000,UNIVERSITY OF COLOMBO,Sri Lanka,2019,L,CO,MD,5,A,-,20.4,-,-,,-,7.2 - 14.2
  801-1000,UNIVERSITY OF DHAKA,Bangladesh,2019,XL,FC,MD,4,A,-,29.9,-,-,-,-,7.2 - 14.2
  801-1000,UNIVERSITY OF ENGINEERING & TECHNOLOGY (UET) LAHORE,Pakistan,2019,L,FO,HI,4,A,-,25.3,-,-,-,14.8,7.2 - 14.2
  801-1000,UNIVERSITY OF GDANSK,Poland,2019,L,FO,VH,3,A,-,-,-,-,-,-,7.2 - 14.2
  801-1000,UNIVERSITY OF LATVIA,Latvia,2019,L,FC,MD,4,A,-,-,26.6,-,-,-,7.2 - 14.2
  801-1000,UNIVERSITY OF LODZ,Poland,2019,L,CO,HI,4,A,-,-,-,-,-,-,7.2 - 14.2
  801-1000,UNIVERSITY OF MARIBOR,Slovenia,2019,L,FC,HI,3,A,-,-,33.3,-,-,-,7.2 - 14.2
  801-1000,UNIVERSITY OF MISSISSIPPI,United States,2019,L,CO,VH,5,A,-,-,38.2,-,-,-,7.2 - 14.2
  801-1000,UNIVERSITY OF MONTANA MISSOULA,United States,2019,M,FO,VH,5,A,-,-,23.9,19.8,-,-,7.2 - 14.2
  801-1000,UNIVERSITY OF MUMBAI,India,2019,XL,FC,MD,5,A,-,34.1,-,-,,-,7.2 - 14.2
  801-1000,UNIVERSITY OF NAIROBI,Kenya,2019,L,FC,MD,3,A,-,-,-,-,,,7.2 - 14.2
  801-1000,UNIVERSITY OF NEW ENGLAND,Australia,2019,L,CO,HI,5,A,-,-,-,24.1,19.3,-,7.2 - 14.2
  801-1000,UNIVERSITY OF SAN DIEGO,United States,2019,M,CO,HI,4,B,-,-,30.3,-,-,16.1,7.2 - 14.2
  801-1000,UNIVERSITY OF SAN FRANCISCO,United States,2019,M,CO,HI,5,B,-,-,-,-,-,44.5,7.2 - 14.2
  801-1000,UNIVERSITY OF SANTO TOMAS,Philippines,2019,XL,FC,LO,5,B,-,23.5,-,-,-,-,7.2 - 14.2
  801-1000,UNIVERSITY OF SILESIA,Poland,2019,L,CO,HI,4,A,-,-,35.3,-,,-,7.2 - 14.2
  801-1000,UNIVERSITY OF THE PACIFIC,United States,2019,M,CO,HI,5,B,-,-,51.8,-,-,-,7.2 - 14.2
  801-1000,UNIVERSITY OF THE PUNJAB,Pakistan,2019,XL,CO,HI,5,A,-,22.1,-,-,-,-,7.2 - 14.2
  801-1000,UNIVERSITY OF THE SUNSHINE COAST,Australia,2019,M,CO,HI,2,A,-,-,-,20.4,19.3,41.2,7.2 - 14.2
  801-1000,UNIVERSITY OF THE WESTERN CAPE,South Africa,2019,L,CO,HI,4,A,-,-,-,20.7,34.4,14.8,7.2 - 14.2
  801-1000,UNIVERSITY OF WROCLAW,Poland,2019,L,CO,HI,4,A,-,-,-,-,-,-,7.2 - 14.2
  801-1000,UNIVERSITY OF ZAGREB,Croatia,2019,XL,FC,VH,5,A,-,-,28.7,-,-,-,7.2 - 14.2
  801-1000,UNIVERSITY POLITEHNICA OF BUCHAREST,Romania,2019,L,FO,VH,5,A,-,-,-,-,,,7.2 - 14.2
  801-1000,UNIVERSITY TOULOUSE ?JEAN JAUR?S,France,2019,L,FO,HI,5,A,-,-,-,-,37.1,53.5,7.2 - 14.2
  801-1000,UTAH STATE UNIVERSITY,United States,2019,L,CO,VH,5,A,-,-,-,33.5,-,-,7.2 - 14.2
  801-1000,VELLORE INSTITUTE OF TECHNOLOGY (VIT),India,2019,XL,FO,VH,3,B,-,-,29.6,-,-,-,7.2 - 14.2
  801-1000,VERONA UNIVERSITY,Italy,2019,L,FC,HI,3,A,-,-,-,26.4,-,-,7.2 - 14.2
  801-1000,"VIETNAM NATIONAL UNIVERSITY, HANOI",Vietnam,2019,XL,FO,HI,3,A,-,17.9,25.3,-,-,-,7.2 - 14.2
  801-1000,VORONEZH STATE UNIVERSITY,Russia,2019,L,CO,MD,5,A,-,-,40.2,-,-,18.1,7.2 - 14.2
  801-1000,VYTAUTAS MAGNUS UNIVERSITY,Lithuania,2019,M,FO,HI,4,A,-,-,-,-,28.1,-,7.2 - 14.2
  801-1000,WEST UNIVERSITY OF TIMISOARA,Romania,2019,L,FO,HI,4,A,-,-,-,-,-,-,7.2 - 14.2
  801-1000,WROCLAW UNIVERSITY OF TECHNOLOGY,Poland,2019,L,FO,VH,5,A,-,17.9,-,-,,,7.2 - 14.2
  801-1000,YEUNGNAM UNIVERSITY,South Korea,2019,L,FC,HI,4,C,-,-,-,19.1,27.8,-,7.2 - 14.2
N/A,BAYLOR COLLEGE OF MEDICINE,United States,2019,S,SP,VH,5,B,-,19.9,100,17.3,,31.1,-
N/A,BI NORWEGIAN BUSINESS SCHOOL,Norway,2019,L,SP,VH,4,B,-,-,-,-,84.1,20.5,-
N/A,CENTRAL EUROPEAN UNIVERSITY,Hungary,2019,S,FO,VH,3,B,17.5,21.1,95.1,29.8,100,100,-
N/A,COPENHAGEN BUSINESS SCHOOL,Denmark,2019,L,SP,VH,5,A,-,24.6,-,39.2,88.8,73.1,-
N/A,CRANFIELD UNIVERSITY,United Kingdom,2019,S,CO,VH,4,A,-,26.6,99.8,51.1,97.7,100,-
N/A,ESCP EUROPE,France,2019,S,SP,MD,5,B,-,58.1,-,-,100,99.9,-
N/A,"ESSEC BUSINESS SCHOOL, PARIS",France,2019,M,SP,VH,5,B,-,77.1,-,32.7,99.7,92.4,-
N/A,"GRENOBLE INP, GRENOBLE INSTITUTE OF TECHNOLOGY",France,2019,M,SP,HI,5,A,-,35.2,-,-,34.5,74.1,-
N/A,HEC PARIS,France,2019,S,SP,VH,5,B,18.7,96,-,66.5,100,100,-
N/A,INSEAD (FRANCE),France,2019,S,SP,VH,4,B,27.8,93.8,78.7,56.6,100,100,-
N/A,JAWAHARLAL NEHRU UNIVERSITY,India,2019,M,CO,VH,3,A,30,-,58.4,-,,-,-
N/A,KAROLINSKA INSTITUTE,Sweden,2019,M,SP,VH,5,A,43.3,-,99.8,89.3,89.9,51,-
N/A,KING ABDULLAH UNIVERSITY OF SCIENCE & TECHNOLOGY (KAUST),Saudi Arabia,2019,S,FO,VH,1,B,20.8,-,88.5,100,100,100,-
N/A,LONDON BUSINESS SCHOOL,United Kingdom,2019,S,SP,VH,4,A,30.8,94.5,-,94.5,100,100,-
N/A,STOCKHOLM SCHOOL OF ECONOMICS,Sweden,2019,S,SP,VH,5,B,-,34.7,-,54.3,89.1,32.5,-
N/A,UNIVERSIT? COMMERCIALE LUIGI BOCCONI,Italy,2019,L,SP,VH,5,B,22.9,87.2,-,20.2,35.2,23.7,-
N/A,"UNIVERSIT? DE TECHNOLOGIE, COMPI?GNE (UTC)",France,2019,S,SP,VH,3,A,-,24,36.9,24.6,,38.3,-
N/A,"UNIVERSITY OF CALIFORNIA, SAN FRANCISCO (UCSF)",United States,2019,S,SP,VH,5,A,51.5,21.8,100,61.1,48,-,-
N/A,"UNIVERSITY OF ECONOMICS, PRAGUE",Czech Republic,2019,L,SP,VH,4,A,-,25.2,-,-,-,71.2,-
N/A,WEIZMANN INSTITUTE OF SCIENCE,Israel,2019,S,FO,VH,4,A,21.7,-,100,99.5,,,-
N/A,WHU OTTO BEISHEIM SCHOOL OF MANAGEMENT - KOBLENZ,Germany,2019,S,SP,VH,3,C,-,27.9,-,66.8,83,61.7,-
